"A","B"
"1","<http://www.data2semantics.org/data/1859_marked/Beroepen/I>","<http://www.data2semantics.org/data/1889_marked/Beroepen/I>"
"2","<http://www.data2semantics.org/data/1859_marked/Beroepen/I/Bijenhouders>","<http://www.data2semantics.org/data/1889_marked/Beroepen/XVII/b/Bijenhouders>"
"3","<http://www.data2semantics.org/data/1859_marked/Beroepen/I/Bloemisten__boomkweekers__tuiniers__warmoezeniers>","<http://www.data2semantics.org/data/1889_marked/Beroepen/XVII/d/Boomkweekers>"
"4","<http://www.data2semantics.org/data/1859_marked/Beroepen/I/Eendenkooihouders>","<http://www.data2semantics.org/data/1889_marked/Beroepen/XVII/b/Eendenkooihouders>"
"5","<http://www.data2semantics.org/data/1859_marked/Beroepen/I/Fabrikanten_van_kunstmest>","<http://www.data2semantics.org/data/1889_marked/Beroepen/IV/b/Fabricage_van_kunstmest>"
"6","<http://www.data2semantics.org/data/1859_marked/Beroepen/I/Heetmaaijers>","<http://www.data2semantics.org/data/1889_marked/Beroepen/I/c/Glasblazers>"
"7","<http://www.data2semantics.org/data/1859_marked/Beroepen/I/Hengstensnijders>","<http://www.data2semantics.org/data/1889_marked/Beroepen/XVII/b/Hengstensnijders>"
"8","<http://www.data2semantics.org/data/1859_marked/Beroepen/I/Herders__hengstenhouders_en_veehoeders>","<http://www.data2semantics.org/data/1889_marked/Beroepen/XVII/b/Hengstenhouders>"
"9","<http://www.data2semantics.org/data/1859_marked/Beroepen/I/Houthakkers>","<http://www.data2semantics.org/data/1889_marked/Beroepen/V/a/Houthakkers>"
"10","<http://www.data2semantics.org/data/1859_marked/Beroepen/I/Landbouwers>","<http://www.data2semantics.org/data/1889_marked/Beroepen/XVII/a/Landbouwers>"
"11","<http://www.data2semantics.org/data/1859_marked/Beroepen/I/Tabaksplanters>","<http://www.data2semantics.org/data/1889_marked/Beroepen/III/d/Duikers>"
"12","<http://www.data2semantics.org/data/1859_marked/Beroepen/I/Veehouders-__paarden-_en_veeverkoopers>","<http://www.data2semantics.org/data/1889_marked/Beroepen/XIX/h/Water-_en_vuurverkoopers>"
"13","<http://www.data2semantics.org/data/1859_marked/Beroepen/II>","<http://www.data2semantics.org/data/1889_marked/Beroepen/II>"
"14","<http://www.data2semantics.org/data/1859_marked/Beroepen/II/Mijnwerkers>","<http://www.data2semantics.org/data/1889_marked/Beroepen/IX/b/Mijnwerkers>"
"15","<http://www.data2semantics.org/data/1859_marked/Beroepen/II/Veenlieden>","<http://www.data2semantics.org/data/1889_marked/Beroepen/III/c>"
"16","<http://www.data2semantics.org/data/1859_marked/Beroepen/II/Verveners>","<http://www.data2semantics.org/data/1889_marked/Beroepen/IX/c/Verveners>"
"17","<http://www.data2semantics.org/data/1859_marked/Beroepen/III>","<http://www.data2semantics.org/data/1889_marked/Beroepen/III>"
"18","<http://www.data2semantics.org/data/1859_marked/Beroepen/III/Aardappelenmeelfabrikanten>","<http://www.data2semantics.org/data/1889_marked/Beroepen/III/e/Schoorsteenvegers>"
"19","<http://www.data2semantics.org/data/1859_marked/Beroepen/III/Azijnstokers__kunstazijnmakers>","<http://www.data2semantics.org/data/1889_marked/Beroepen/III/b/Fundeeringmakers>"
"20","<http://www.data2semantics.org/data/1859_marked/Beroepen/III/Bierbrouwers__bierstekers>","<http://www.data2semantics.org/data/1889_marked/Beroepen/III/e/Schoorsteenvegers>"
"21","<http://www.data2semantics.org/data/1859_marked/Beroepen/III/Branders_en_stokers_van_siroop__likeuren__sterke_dranken>","<http://www.data2semantics.org/data/1889_marked/Beroepen/XVI/m/Branders__fabricage_van_alcohol_>"
"22","<http://www.data2semantics.org/data/1859_marked/Beroepen/III/Brood-__kleingoed-__koek-_en_banketbakkers>","<http://www.data2semantics.org/data/1889_marked/Beroepen/XVI/b/Koek-_en_banketbakkers>"
"23","<http://www.data2semantics.org/data/1859_marked/Beroepen/III/Chicoreifabrikanten_en_werklieden>","<http://www.data2semantics.org/data/1889_marked/Beroepen/III/e/Aschkarlieden>"
"24","<http://www.data2semantics.org/data/1859_marked/Beroepen/III/Chocoladefabrikanten>","<http://www.data2semantics.org/data/1889_marked/Beroepen/III/d/Duikers>"
"25","<http://www.data2semantics.org/data/1859_marked/Beroepen/III/Groenten-_en_fruitverkopers>","<http://www.data2semantics.org/data/1889_marked/Beroepen/XIX/h/Water-_en_vuurverkoopers>"
"26","<http://www.data2semantics.org/data/1859_marked/Beroepen/III/Grutters-_en_kruideniers>","<http://www.data2semantics.org/data/1889_marked/Beroepen/XVI/a/Grutters>"
"27","<http://www.data2semantics.org/data/1859_marked/Beroepen/III/Inleggers_van_levensbehoeften>","<http://www.data2semantics.org/data/1889_marked/Beroepen/VII/a/Fabricage_van_ornamenten>"
"28","<http://www.data2semantics.org/data/1859_marked/Beroepen/III/Jagers>","<http://www.data2semantics.org/data/1889_marked/Beroepen/XVIII/c/Jagers>"
"29","<http://www.data2semantics.org/data/1859_marked/Beroepen/III/Koren-_en_pelmolenaars>","<http://www.data2semantics.org/data/1889_marked/Beroepen/III/e/Baggermolenaars>"
"30","<http://www.data2semantics.org/data/1859_marked/Beroepen/III/Lijnmeelfabrikanten>","<http://www.data2semantics.org/data/1889_marked/Beroepen/III/e/Schoorsteenvegers>"
"31","<http://www.data2semantics.org/data/1859_marked/Beroepen/III/Melk-__boter-_en_kaasverkopers>","<http://www.data2semantics.org/data/1889_marked/Beroepen/XIX/h/Water-_en_vuurverkoopers>"
"32","<http://www.data2semantics.org/data/1859_marked/Beroepen/III/Mosterdmolenaars>","<http://www.data2semantics.org/data/1889_marked/Beroepen/III/e/Baggermolenaars>"
"33","<http://www.data2semantics.org/data/1859_marked/Beroepen/III/Moutmolenaars>","<http://www.data2semantics.org/data/1889_marked/Beroepen/XVI/n/Moutmolenaars>"
"34","<http://www.data2semantics.org/data/1859_marked/Beroepen/III/Poeliers>","<http://www.data2semantics.org/data/1889_marked/Beroepen/XVI/h/Poeliers>"
"35","<http://www.data2semantics.org/data/1859_marked/Beroepen/III/Sagofabrikanten>","<http://www.data2semantics.org/data/1889_marked/Beroepen/III/d/Duikers>"
"36","<http://www.data2semantics.org/data/1859_marked/Beroepen/III/Siroopfabrikanten>","<http://www.data2semantics.org/data/1889_marked/Beroepen/III/b/Glazenmakers>"
"37","<http://www.data2semantics.org/data/1859_marked/Beroepen/III/Stoommeelfabrikanten>","<http://www.data2semantics.org/data/1889_marked/Beroepen/III/d/Duikers>"
"38","<http://www.data2semantics.org/data/1859_marked/Beroepen/III/Suiker-_en_pasteibakkers>","<http://www.data2semantics.org/data/1889_marked/Beroepen/XVI/b/Koek-_en_banketbakkers>"
"39","<http://www.data2semantics.org/data/1859_marked/Beroepen/III/Suikerraffinadeurs>","<http://www.data2semantics.org/data/1889_marked/Beroepen/XVI/c/Suikerraffinadeurs>"
"40","<http://www.data2semantics.org/data/1859_marked/Beroepen/III/Visdrogers_en_rokers>","<http://www.data2semantics.org/data/1889_marked/Beroepen/XIII/b/Vischtuigmakers>"
"41","<http://www.data2semantics.org/data/1859_marked/Beroepen/III/Vissers>","<http://www.data2semantics.org/data/1889_marked/Beroepen/III/d/Duikers>"
"42","<http://www.data2semantics.org/data/1859_marked/Beroepen/III/Vleeshouwers_en_spekslagers>","<http://www.data2semantics.org/data/1889_marked/Beroepen/III/e/Schoorsteenvegers>"
"43","<http://www.data2semantics.org/data/1859_marked/Beroepen/III/Wafel-_en_poffertjesbakkers>","<http://www.data2semantics.org/data/1889_marked/Beroepen/XVI/b/Koek-_en_banketbakkers>"
"44","<http://www.data2semantics.org/data/1859_marked/Beroepen/III/Zoutzieders>","<http://www.data2semantics.org/data/1889_marked/Beroepen/IX/d/Zoutzieders>"
"45","<http://www.data2semantics.org/data/1859_marked/Beroepen/IV>","<http://www.data2semantics.org/data/1889_marked/Beroepen/IV>"
"46","<http://www.data2semantics.org/data/1859_marked/Beroepen/IV/Baardscheerders__kappers_en_pruikenmakers>","<http://www.data2semantics.org/data/1889_marked/Beroepen/IV/c/Fabricage_van_vuurmakers>"
"47","<http://www.data2semantics.org/data/1859_marked/Beroepen/IV/Badstoofhouders>","<http://www.data2semantics.org/data/1889_marked/Beroepen/VI/b/Badhouders>"
"48","<http://www.data2semantics.org/data/1859_marked/Beroepen/IV/Blekers>","<http://www.data2semantics.org/data/1889_marked/Beroepen/VI/b/Bleekers>"
"49","<http://www.data2semantics.org/data/1859_marked/Beroepen/IV/Bontwerkers>","<http://www.data2semantics.org/data/1889_marked/Beroepen/XIV/c/Kantwerkers>"
"50","<http://www.data2semantics.org/data/1859_marked/Beroepen/IV/Breuk-_en_draagbanden-__keurslijfmakers>","<http://www.data2semantics.org/data/1889_marked/Beroepen/XIII/b/Breukbandenmakers>"
"51","<http://www.data2semantics.org/data/1859_marked/Beroepen/IV/Brillenslijpers_en_verkopers>","<http://www.data2semantics.org/data/1889_marked/Beroepen/XIII/b/Brillenslijpers>"
"52","<http://www.data2semantics.org/data/1859_marked/Beroepen/IV/Haarkammenmakers>","<http://www.data2semantics.org/data/1889_marked/Beroepen/XIV/b/Zakkenmakers>"
"53","<http://www.data2semantics.org/data/1859_marked/Beroepen/IV/Haarwerkers>","<http://www.data2semantics.org/data/1889_marked/Beroepen/VI/a/Haarwerkers>"
"54","<http://www.data2semantics.org/data/1859_marked/Beroepen/IV/Hoeden-__petten-_en_stroohoedenmakers>","<http://www.data2semantics.org/data/1889_marked/Beroepen/XII/a/Blok-_en_mastenmakers>"
"55","<http://www.data2semantics.org/data/1859_marked/Beroepen/IV/Kledermakers>","<http://www.data2semantics.org/data/1889_marked/Beroepen/VI/a/Kleermakers>"
"56","<http://www.data2semantics.org/data/1859_marked/Beroepen/IV/Knopenmakers>","<http://www.data2semantics.org/data/1889_marked/Beroepen/V/a/Klompenmakers>"
"57","<http://www.data2semantics.org/data/1859_marked/Beroepen/IV/Mangelvrouwen>","<http://www.data2semantics.org/data/1889_marked/Beroepen/VI/b/Mangellieden>"
"58","<http://www.data2semantics.org/data/1859_marked/Beroepen/IV/Modemakers_en_bloemenmakers>","<http://www.data2semantics.org/data/1889_marked/Beroepen/IX/b/Turfgravers_en_-stekers>"
"59","<http://www.data2semantics.org/data/1859_marked/Beroepen/IV/Naaisters__breisters__strijksters__wasvrouwen__werksters>","<http://www.data2semantics.org/data/1889_marked/Beroepen/IV/c/Fabricage_van_vuurmakers>"
"60","<http://www.data2semantics.org/data/1859_marked/Beroepen/IV/Regenschermmakers>","<http://www.data2semantics.org/data/1889_marked/Beroepen/XIV/b/Zakkenmakers>"
"61","<http://www.data2semantics.org/data/1859_marked/Beroepen/IV/Stoffenververs_en_glanzers>","<http://www.data2semantics.org/data/1889_marked/Beroepen/VI/b/Stoffenververs>"
"62","<http://www.data2semantics.org/data/1859_marked/Beroepen/IX>","<http://www.data2semantics.org/data/1889_marked/Beroepen/IX>"
"63","<http://www.data2semantics.org/data/1859_marked/Beroepen/IX/Boek-_en_dagbladdrukkers_en_verkopers>","<http://www.data2semantics.org/data/1889_marked/Beroepen/XIX/h/Water-_en_vuurverkoopers>"
"64","<http://www.data2semantics.org/data/1859_marked/Beroepen/IX/Boekbinders>","<http://www.data2semantics.org/data/1889_marked/Beroepen/II/a/Boekbinders>"
"65","<http://www.data2semantics.org/data/1859_marked/Beroepen/IX/Bordpapier__werkers_in___dozen-_en_kaartenmakers>","<http://www.data2semantics.org/data/1889_marked/Beroepen/XII/a/Blok-_en_mastenmakers>"
"66","<http://www.data2semantics.org/data/1859_marked/Beroepen/IX/Linieerders>","<http://www.data2semantics.org/data/1889_marked/Beroepen/II/b/Linieerders>"
"67","<http://www.data2semantics.org/data/1859_marked/Beroepen/IX/Papierfabrikanten_en_werklieden>","<http://www.data2semantics.org/data/1889_marked/Beroepen/IX/b/Turfgravers_en_-stekers>"
"68","<http://www.data2semantics.org/data/1859_marked/Beroepen/IX/Speelkaartenfabrikanten>","<http://www.data2semantics.org/data/1889_marked/Beroepen/XXIII/a/Agenten>"
"69","<http://www.data2semantics.org/data/1859_marked/Beroepen/IX/Steen-_en_plaatdrukkers>","<http://www.data2semantics.org/data/1889_marked/Beroepen/II/b/Plaatdrukkers>"
"70","<http://www.data2semantics.org/data/1859_marked/Beroepen/V>","<http://www.data2semantics.org/data/1889_marked/Beroepen/V>"
"71","<http://www.data2semantics.org/data/1859_marked/Beroepen/V/Aannemers>","<http://www.data2semantics.org/data/1889_marked/Beroepen/III/d/Aannemers>"
"72","<http://www.data2semantics.org/data/1859_marked/Beroepen/V/Bouwmeesters>","<http://www.data2semantics.org/data/1889_marked/Beroepen/V/a/Verlakkers>"
"73","<http://www.data2semantics.org/data/1859_marked/Beroepen/V/Dekkers__lei-__pannen-__riet-__enz__>","<http://www.data2semantics.org/data/1889_marked/Beroepen/III/b/Dekkers__lei-__pannen-__stroo-_en_riet-_>"
"74","<http://www.data2semantics.org/data/1859_marked/Beroepen/V/Kalkbranders__cement-_en_trasmakers>","<http://www.data2semantics.org/data/1889_marked/Beroepen/V/b/Bezem-_en_heiboendermakers>"
"75","<http://www.data2semantics.org/data/1859_marked/Beroepen/V/Krib-_en_dijkwerkers__heibazen>","<http://www.data2semantics.org/data/1889_marked/Beroepen/XVI/b/Brood-_en_beschuitbakkers>"
"76","<http://www.data2semantics.org/data/1859_marked/Beroepen/V/Loodgieters_en_pompenmakers>","<http://www.data2semantics.org/data/1889_marked/Beroepen/III/b/Loodgieters>"
"77","<http://www.data2semantics.org/data/1859_marked/Beroepen/V/Marmerschuurders>","<http://www.data2semantics.org/data/1889_marked/Beroepen/I/b/Marmerslijpers>"
"78","<http://www.data2semantics.org/data/1859_marked/Beroepen/V/Mastenmakers>","<http://www.data2semantics.org/data/1889_marked/Beroepen/V/b/Zevenmakers>"
"79","<http://www.data2semantics.org/data/1859_marked/Beroepen/V/Metselaars>","<http://www.data2semantics.org/data/1889_marked/Beroepen/III/b/Metselaars>"
"80","<http://www.data2semantics.org/data/1859_marked/Beroepen/V/Potten-__pannen-__steen-_en_tegelbakkers>","<http://www.data2semantics.org/data/1889_marked/Beroepen/XVI/b/Brood-_en_beschuitbakkers>"
"81","<http://www.data2semantics.org/data/1859_marked/Beroepen/V/Scheep-__blok-_en_zeilmakers>","<http://www.data2semantics.org/data/1889_marked/Beroepen/XII/a/Blok-_en_mastenmakers>"
"82","<http://www.data2semantics.org/data/1859_marked/Beroepen/V/Schilders__huis__en_glazenmakers>","<http://www.data2semantics.org/data/1889_marked/Beroepen/V/a/Muizenvallenmakers>"
"83","<http://www.data2semantics.org/data/1859_marked/Beroepen/V/Schoorsteenvegers>","<http://www.data2semantics.org/data/1889_marked/Beroepen/III/e/Schoorsteenvegers>"
"84","<http://www.data2semantics.org/data/1859_marked/Beroepen/V/Steenhouwers>","<http://www.data2semantics.org/data/1889_marked/Beroepen/I/e/Steenhouwers>"
"85","<http://www.data2semantics.org/data/1859_marked/Beroepen/V/Stukadoors_en_witters>","<http://www.data2semantics.org/data/1889_marked/Beroepen/III/c/Stukadoors>"
"86","<http://www.data2semantics.org/data/1859_marked/Beroepen/V/Touwslagers>","<http://www.data2semantics.org/data/1889_marked/Beroepen/X/b/Blikslagers>"
"87","<http://www.data2semantics.org/data/1859_marked/Beroepen/VI>","<http://www.data2semantics.org/data/1889_marked/Beroepen/VI>"
"88","<http://www.data2semantics.org/data/1859_marked/Beroepen/VI/Aardewerk-_en_porceleinfabrikanten_en_werklieden>","<http://www.data2semantics.org/data/1889_marked/Beroepen/VI/a/Fabricage_van_bedden_en_matrassen>"
"89","<http://www.data2semantics.org/data/1859_marked/Beroepen/VI/Bedden-_en_matrassenmakers__behangers_en_stoffeerders>","<http://www.data2semantics.org/data/1889_marked/Beroepen/VI/a/Fabricage_van_bedden_en_matrassen>"
"90","<http://www.data2semantics.org/data/1859_marked/Beroepen/VI/Behangseldrukkers>","<http://www.data2semantics.org/data/1889_marked/Beroepen/VII/d/Borduurwerkers>"
"91","<http://www.data2semantics.org/data/1859_marked/Beroepen/VI/Biljard-_en_kaatsballenmakers>","<http://www.data2semantics.org/data/1889_marked/Beroepen/VII/a/Pleisterbeeldenmakers>"
"92","<http://www.data2semantics.org/data/1859_marked/Beroepen/VI/Blikwerkers_en_lampenmakers>","<http://www.data2semantics.org/data/1889_marked/Beroepen/XII/a/Blok-_en_mastenmakers>"
"93","<http://www.data2semantics.org/data/1859_marked/Beroepen/VI/Borstelmakers>","<http://www.data2semantics.org/data/1889_marked/Beroepen/VI/a/Kleermakers>"
"94","<http://www.data2semantics.org/data/1859_marked/Beroepen/VI/Glasblazers>","<http://www.data2semantics.org/data/1889_marked/Beroepen/I/c/Glasblazers>"
"95","<http://www.data2semantics.org/data/1859_marked/Beroepen/VI/Kabinet-_en_schrijnwerkers__kunstdraaiers>","<http://www.data2semantics.org/data/1889_marked/Beroepen/XVI/b/Brood-_en_beschuitbakkers>"
"96","<http://www.data2semantics.org/data/1859_marked/Beroepen/VI/Koper-_en_blikslagers__draadvlechters>","<http://www.data2semantics.org/data/1889_marked/Beroepen/XVI/b/Brood-_en_beschuitbakkers>"
"97","<http://www.data2semantics.org/data/1859_marked/Beroepen/VI/Krammers>","<http://www.data2semantics.org/data/1889_marked/Beroepen/VI/b/Kappers>"
"98","<http://www.data2semantics.org/data/1859_marked/Beroepen/VI/Kunstlakkers>","<http://www.data2semantics.org/data/1889_marked/Beroepen/VI/a/Kleermakers>"
"99","<http://www.data2semantics.org/data/1859_marked/Beroepen/VI/Kunstwerkers>","<http://www.data2semantics.org/data/1889_marked/Beroepen/VI/a/Haarwerkers>"
"100","<http://www.data2semantics.org/data/1859_marked/Beroepen/VI/Mattenmakers>","<http://www.data2semantics.org/data/1889_marked/Beroepen/VI/a/Kleermakers>"
"101","<http://www.data2semantics.org/data/1859_marked/Beroepen/VI/Schaarslijpers>","<http://www.data2semantics.org/data/1889_marked/Beroepen/I/b/Marmerslijpers>"
"102","<http://www.data2semantics.org/data/1859_marked/Beroepen/VI/Spiegelmakers_en_verkopers>","<http://www.data2semantics.org/data/1889_marked/Beroepen/XVI/b/Koks_en_kooksters>"
"103","<http://www.data2semantics.org/data/1859_marked/Beroepen/VI/Stoelenbekleders__draaiers__makers__matters>","<http://www.data2semantics.org/data/1889_marked/Beroepen/VI/a/Costumiers__makers_van_costumen_>"
"104","<http://www.data2semantics.org/data/1859_marked/Beroepen/VI/Tingieters>","<http://www.data2semantics.org/data/1889_marked/Beroepen/X/b/Tingieters>"
"105","<http://www.data2semantics.org/data/1859_marked/Beroepen/VI/Uurwerkmakers>","<http://www.data2semantics.org/data/1889_marked/Beroepen/VI/a/Hoedenmakers>"
"106","<http://www.data2semantics.org/data/1859_marked/Beroepen/VI/Vergulders_en_lijstenmakers>","<http://www.data2semantics.org/data/1889_marked/Beroepen/VI/a/Zwemvestenmakers>"
"107","<http://www.data2semantics.org/data/1859_marked/Beroepen/VII>","<http://www.data2semantics.org/data/1889_marked/Beroepen/VII>"
"108","<http://www.data2semantics.org/data/1859_marked/Beroepen/VII/Handschoenmakers>","<http://www.data2semantics.org/data/1889_marked/Beroepen/VII/c/Ornamentmakers>"
"109","<http://www.data2semantics.org/data/1859_marked/Beroepen/VII/Lederbereiders_en_looiers>","<http://www.data2semantics.org/data/1889_marked/Beroepen/VII/a/Pleisterbeeldenmakers>"
"110","<http://www.data2semantics.org/data/1859_marked/Beroepen/VII/Rijtuig-__wagen-_en_zadelmakers>","<http://www.data2semantics.org/data/1889_marked/Beroepen/VII/a/Pleisterbeeldenmakers>"
"111","<http://www.data2semantics.org/data/1859_marked/Beroepen/VII/Schoenmakers_en_lappers>","<http://www.data2semantics.org/data/1889_marked/Beroepen/VII/a/Pleisterbeeldenmakers>"
"112","<http://www.data2semantics.org/data/1859_marked/Beroepen/VII/Vellenbloters>","<http://www.data2semantics.org/data/1889_marked/Beroepen/VII/d/Borduursters>"
"113","<http://www.data2semantics.org/data/1859_marked/Beroepen/VII/Zeemtouwers>","<http://www.data2semantics.org/data/1889_marked/Beroepen/VII/a/Beeldhouwers>"
"114","<http://www.data2semantics.org/data/1859_marked/Beroepen/VIII>","<http://www.data2semantics.org/data/1889_marked/Beroepen/VIII>"
"115","<http://www.data2semantics.org/data/1859_marked/Beroepen/VIII/Garentwijnders>","<http://www.data2semantics.org/data/1889_marked/Beroepen/VIII/a/Leerlooiers>"
"116","<http://www.data2semantics.org/data/1859_marked/Beroepen/VIII/Hennep-_en_vlasbereiders>","<http://www.data2semantics.org/data/1889_marked/Beroepen/VI/a/Haarbereiders>"
"117","<http://www.data2semantics.org/data/1859_marked/Beroepen/VIII/Kaarders_en_wolkammers>","<http://www.data2semantics.org/data/1889_marked/Beroepen/VII/d/Bloemenmaaksters>"
"118","<http://www.data2semantics.org/data/1859_marked/Beroepen/VIII/Katoendrukkers>","<http://www.data2semantics.org/data/1889_marked/Beroepen/XIV/d/Katoendrukkers>"
"119","<http://www.data2semantics.org/data/1859_marked/Beroepen/VIII/Koordslagers_knechts>","<http://www.data2semantics.org/data/1889_marked/Beroepen/XXVIII/h/Stalknechts>"
"120","<http://www.data2semantics.org/data/1859_marked/Beroepen/VIII/Koordslagers_meesters>","<http://www.data2semantics.org/data/1889_marked/Beroepen/VII/d/Bloemenmaaksters>"
"121","<http://www.data2semantics.org/data/1859_marked/Beroepen/VIII/Kousenfabrikanten>","<http://www.data2semantics.org/data/1889_marked/Beroepen/VII/d/Borduurwerkers>"
"122","<http://www.data2semantics.org/data/1859_marked/Beroepen/VIII/Lintwerkers>","<http://www.data2semantics.org/data/1889_marked/Beroepen/III/d/Wegwerkers>"
"123","<http://www.data2semantics.org/data/1859_marked/Beroepen/VIII/Manufakturen_fabrikanten>","<http://www.data2semantics.org/data/1889_marked/Beroepen/VII/a/Pleisterbeeldenmakers>"
"124","<http://www.data2semantics.org/data/1859_marked/Beroepen/VIII/Manufakturen_werklieden>","<http://www.data2semantics.org/data/1889_marked/Beroepen/VI/b/Mangellieden>"
"125","<http://www.data2semantics.org/data/1859_marked/Beroepen/VIII/Nettenmakers>","<http://www.data2semantics.org/data/1889_marked/Beroepen/VIII/a/Koffermakers>"
"126","<http://www.data2semantics.org/data/1859_marked/Beroepen/VIII/Spinners__wevers_en_spoelders>","<http://www.data2semantics.org/data/1889_marked/Beroepen/XXVI/h/Gouverneurs_en_gouvernantes>"
"127","<http://www.data2semantics.org/data/1859_marked/Beroepen/VIII/Tapijtfabrikanten_en_werklieden>","<http://www.data2semantics.org/data/1889_marked/Beroepen/VI/b/Tapijtkloppers_en_reinigers>"
"128","<http://www.data2semantics.org/data/1859_marked/Beroepen/VIII/Volmolenaars>","<http://www.data2semantics.org/data/1889_marked/Beroepen/III/e/Baggermolenaars>"
"129","<http://www.data2semantics.org/data/1859_marked/Beroepen/VIII/Wasdoekfabrikanten>","<http://www.data2semantics.org/data/1889_marked/Beroepen/VII/d/Borduurwerkers>"
"130","<http://www.data2semantics.org/data/1859_marked/Beroepen/VIII/Zakkenmakers>","<http://www.data2semantics.org/data/1889_marked/Beroepen/XIV/b/Zakkenmakers>"
"131","<http://www.data2semantics.org/data/1859_marked/Beroepen/VIII/Zijdefabrikanten>","<http://www.data2semantics.org/data/1889_marked/Beroepen/VII/d/Borduurwerkers>"
"132","<http://www.data2semantics.org/data/1859_marked/Beroepen/X>","<http://www.data2semantics.org/data/1889_marked/Beroepen/X>"
"133","<http://www.data2semantics.org/data/1859_marked/Beroepen/X/Aluinfabrikanten>","<http://www.data2semantics.org/data/1889_marked/Beroepen/XX/a/Agenten>"
"134","<http://www.data2semantics.org/data/1859_marked/Beroepen/X/Apothekers__drogisten_en_scheikundigen>","<http://www.data2semantics.org/data/1889_marked/Beroepen/IV/a/Apothekers__bedienden_>"
"135","<http://www.data2semantics.org/data/1859_marked/Beroepen/X/Been-_en_ivoorbranders>","<http://www.data2semantics.org/data/1889_marked/Beroepen/XVI/f/Koffiebranders>"
"136","<http://www.data2semantics.org/data/1859_marked/Beroepen/X/Beenzwartfabrikanten>","<http://www.data2semantics.org/data/1889_marked/Beroepen/XXIII/a/Agenten>"
"137","<http://www.data2semantics.org/data/1859_marked/Beroepen/X/Fabrikanten_van_friesch-groen>","<http://www.data2semantics.org/data/1889_marked/Beroepen/X/b/Fabricage_van_koperwerk>"
"138","<http://www.data2semantics.org/data/1859_marked/Beroepen/X/Fabrikanten_van_verfwaren>","<http://www.data2semantics.org/data/1889_marked/Beroepen/X/c/Fabricage_van_staalwaren>"
"139","<http://www.data2semantics.org/data/1859_marked/Beroepen/X/Gazfabrikanten>","<http://www.data2semantics.org/data/1889_marked/Beroepen/XXXIV/b>"
"140","<http://www.data2semantics.org/data/1859_marked/Beroepen/X/Inktfabrikanten>","<http://www.data2semantics.org/data/1889_marked/Beroepen/XXIII/a/Agenten>"
"141","<http://www.data2semantics.org/data/1859_marked/Beroepen/X/Kruidfabrikanten_en_vuurwerkmakers>","<http://www.data2semantics.org/data/1889_marked/Beroepen/IV/c/Fabricage_van_vuurmakers>"
"142","<http://www.data2semantics.org/data/1859_marked/Beroepen/X/Loodwitmakers>","<http://www.data2semantics.org/data/1889_marked/Beroepen/V/a/Klompenmakers>"
"143","<http://www.data2semantics.org/data/1859_marked/Beroepen/X/Loogstokers>","<http://www.data2semantics.org/data/1889_marked/Beroepen/X/b/Loodpunters>"
"144","<http://www.data2semantics.org/data/1859_marked/Beroepen/X/Meekrapbereiders__droogers>","<http://www.data2semantics.org/data/1889_marked/Beroepen/XVI/i/Vischdroogers>"
"145","<http://www.data2semantics.org/data/1859_marked/Beroepen/X/Scheikundige_voortbrengselen__fabrikanten_in___verfverkopers>","<http://www.data2semantics.org/data/1889_marked/Beroepen/XIII/c/Wapensmeden__fabr__van_wapens_>"
"146","<http://www.data2semantics.org/data/1859_marked/Beroepen/X/Zeepzieders>","<http://www.data2semantics.org/data/1889_marked/Beroepen/XV/b/Zeepzieders>"
"147","<http://www.data2semantics.org/data/1859_marked/Beroepen/X/Zwavelmakers>","<http://www.data2semantics.org/data/1889_marked/Beroepen/X/b/Ketelmakers>"
"148","<http://www.data2semantics.org/data/1859_marked/Beroepen/X/Zwavelstokkenmakers_en_verkopers>","<http://www.data2semantics.org/data/1889_marked/Beroepen/XIX/h/Water-_en_vuurverkoopers>"
"149","<http://www.data2semantics.org/data/1859_marked/Beroepen/XI>","<http://www.data2semantics.org/data/1889_marked/Beroepen/XI>"
"150","<http://www.data2semantics.org/data/1859_marked/Beroepen/XI/Brandspuitmakers>","<http://www.data2semantics.org/data/1889_marked/Beroepen/XIII/c/Geweermakers>"
"151","<http://www.data2semantics.org/data/1859_marked/Beroepen/XI/Geschutgieters__geweermakers>","<http://www.data2semantics.org/data/1889_marked/Beroepen/XIII/c/Geweermakers>"
"152","<http://www.data2semantics.org/data/1859_marked/Beroepen/XI/IJzer-_en_koperdraaiers>","<http://www.data2semantics.org/data/1889_marked/Beroepen/XVI/b/Koks_en_kooksters>"
"153","<http://www.data2semantics.org/data/1859_marked/Beroepen/XI/IJzergieters>","<http://www.data2semantics.org/data/1889_marked/Beroepen/X/c/IJzergieters>"
"154","<http://www.data2semantics.org/data/1859_marked/Beroepen/XI/Jachthagelgieters>","<http://www.data2semantics.org/data/1889_marked/Beroepen/VII/a/Beeldengieters>"
"155","<http://www.data2semantics.org/data/1859_marked/Beroepen/XI/Koper-_en_geelgieters>","<http://www.data2semantics.org/data/1889_marked/Beroepen/VII/c/Ornamentgieters>"
"156","<http://www.data2semantics.org/data/1859_marked/Beroepen/XI/Lettergieters>","<http://www.data2semantics.org/data/1889_marked/Beroepen/II/a/Lettergieters>"
"157","<http://www.data2semantics.org/data/1859_marked/Beroepen/XI/Messenmakers_en_slijpers>","<http://www.data2semantics.org/data/1889_marked/Beroepen/XIII/b/Instrumentslijpers>"
"158","<http://www.data2semantics.org/data/1859_marked/Beroepen/XI/Scheepszeilnaaldenmakers>","<http://www.data2semantics.org/data/1889_marked/Beroepen/XII/a/Scheepsmakers>"
"159","<http://www.data2semantics.org/data/1859_marked/Beroepen/XI/Smeden__hoef-__kachel-_en_andere_>","<http://www.data2semantics.org/data/1889_marked/Beroepen/XXVI/h/Bewaarschoolhouderessen__bijzondere_>"
"160","<http://www.data2semantics.org/data/1859_marked/Beroepen/XI/Speldenfabrikanten_en_werklieden>","<http://www.data2semantics.org/data/1889_marked/Beroepen/XIII/b/Fabricage_van_kaarden>"
"161","<http://www.data2semantics.org/data/1859_marked/Beroepen/XI/Spijkermakers>","<http://www.data2semantics.org/data/1889_marked/Beroepen/XIII/c/Geweermakers>"
"162","<http://www.data2semantics.org/data/1859_marked/Beroepen/XI/Stangenmakers>","<http://www.data2semantics.org/data/1889_marked/Beroepen/V/a/Klompenmakers>"
"163","<http://www.data2semantics.org/data/1859_marked/Beroepen/XI/Werktuigkundigen_en_makers>","<http://www.data2semantics.org/data/1889_marked/Beroepen/XIII/b/Werktuigkundigen__instrumentmakers_>"
"164","<http://www.data2semantics.org/data/1859_marked/Beroepen/XI/Zwaardvegers>","<http://www.data2semantics.org/data/1889_marked/Beroepen/III/e/Straatvegers>"
"165","<http://www.data2semantics.org/data/1859_marked/Beroepen/XII>","<http://www.data2semantics.org/data/1889_marked/Beroepen/XII>"
"166","<http://www.data2semantics.org/data/1859_marked/Beroepen/XII/Gouddraadtrekkers__passementwerkers>","<http://www.data2semantics.org/data/1889_marked/Beroepen/XIV/c/Kantwerkers>"
"167","<http://www.data2semantics.org/data/1859_marked/Beroepen/XII/Juweliers__goud-_en_zilversmeden>","<http://www.data2semantics.org/data/1889_marked/Beroepen/X/a/Fabricage_van_goud-_en_zilverwerken>"
"168","<http://www.data2semantics.org/data/1859_marked/Beroepen/XII/Slijpers__diamant-__glas-__marmer-__metaal-_>","<http://www.data2semantics.org/data/1889_marked/Beroepen/XIX/f/Verhuurders_van_diamantslijpersmolens>"
"169","<http://www.data2semantics.org/data/1859_marked/Beroepen/XIII>","<http://www.data2semantics.org/data/1889_marked/Beroepen/XIII>"
"170","<http://www.data2semantics.org/data/1859_marked/Beroepen/XIII/Bezembinders__rietboeren__rijswerkers>","<http://www.data2semantics.org/data/1889_marked/Beroepen/XIII/a/Wielenmerkers>"
"171","<http://www.data2semantics.org/data/1859_marked/Beroepen/XIII/Blok-__mast-_en_pompenmakers>","<http://www.data2semantics.org/data/1889_marked/Beroepen/XII/a/Blok-_en_mastenmakers>"
"172","<http://www.data2semantics.org/data/1859_marked/Beroepen/XIII/Fineerzagers>","<http://www.data2semantics.org/data/1889_marked/Beroepen/V/c/Fineerzagers>"
"173","<http://www.data2semantics.org/data/1859_marked/Beroepen/XIII/Houtenmatenmakers>","<http://www.data2semantics.org/data/1889_marked/Beroepen/XIII/b/Horlogemakers>"
"174","<http://www.data2semantics.org/data/1859_marked/Beroepen/XIII/Houtvletters>","<http://www.data2semantics.org/data/1889_marked/Beroepen/XVI/a/Grutters>"
"175","<http://www.data2semantics.org/data/1859_marked/Beroepen/XIII/Houtzaagmolenaars__houtzagers__houtverkopers>","<http://www.data2semantics.org/data/1889_marked/Beroepen/XIII/a/Fabricage_van_filtreermachines>"
"176","<http://www.data2semantics.org/data/1859_marked/Beroepen/XIII/Klompenmakers>","<http://www.data2semantics.org/data/1889_marked/Beroepen/V/a/Klompenmakers>"
"177","<http://www.data2semantics.org/data/1859_marked/Beroepen/XIII/Kolenbranders>","<http://www.data2semantics.org/data/1889_marked/Beroepen/IX/b/Kolenbranders>"
"178","<http://www.data2semantics.org/data/1859_marked/Beroepen/XIII/Kuipers_en_hoepelmakers>","<http://www.data2semantics.org/data/1889_marked/Beroepen/XIII/b/Vischtuigmakers>"
"179","<http://www.data2semantics.org/data/1859_marked/Beroepen/XIII/Kurkensnijders>","<http://www.data2semantics.org/data/1889_marked/Beroepen/XIII/b/Brillensnijders>"
"180","<http://www.data2semantics.org/data/1859_marked/Beroepen/XIII/Leestenmakers>","<http://www.data2semantics.org/data/1889_marked/Beroepen/XIII/c/Patronenmakers>"
"181","<http://www.data2semantics.org/data/1859_marked/Beroepen/XIII/Mandenmakers>","<http://www.data2semantics.org/data/1889_marked/Beroepen/XIII/c/Patronenmakers>"
"182","<http://www.data2semantics.org/data/1859_marked/Beroepen/XIII/Molenmakers>","<http://www.data2semantics.org/data/1889_marked/Beroepen/III/b/Molenmakers>"
"183","<http://www.data2semantics.org/data/1859_marked/Beroepen/XIII/Run-_en_schorsmolenaars>","<http://www.data2semantics.org/data/1889_marked/Beroepen/XII/a/Blok-_en_mastenmakers>"
"184","<http://www.data2semantics.org/data/1859_marked/Beroepen/XIII/Schoppenmakers>","<http://www.data2semantics.org/data/1889_marked/Beroepen/XIII/c/Patronenmakers>"
"185","<http://www.data2semantics.org/data/1859_marked/Beroepen/XIII/Timmerlieden_en_kistenmakers>","<http://www.data2semantics.org/data/1889_marked/Beroepen/XII/a/Blok-_en_mastenmakers>"
"186","<http://www.data2semantics.org/data/1859_marked/Beroepen/XIII/Verfhoutmolenaars>","<http://www.data2semantics.org/data/1889_marked/Beroepen/XVI/n/Moutmolenaars>"
"187","<http://www.data2semantics.org/data/1859_marked/Beroepen/XIII/Weverskammen-__spoel-_en_rietmakers>","<http://www.data2semantics.org/data/1889_marked/Beroepen/XII/a/Blok-_en_mastenmakers>"
"188","<http://www.data2semantics.org/data/1859_marked/Beroepen/XIII/Wieldraaiers>","<http://www.data2semantics.org/data/1889_marked/Beroepen/X/b/Koperdraaiers>"
"189","<http://www.data2semantics.org/data/1859_marked/Beroepen/XIII/Zeeftenmakers>","<http://www.data2semantics.org/data/1889_marked/Beroepen/XIII/b/Horlogemakers>"
"190","<http://www.data2semantics.org/data/1859_marked/Beroepen/XIV>","<http://www.data2semantics.org/data/1889_marked/Beroepen/XIV>"
"191","<http://www.data2semantics.org/data/1859_marked/Beroepen/XIV/Bijenkorvenmakers>","<http://www.data2semantics.org/data/1889_marked/Beroepen/XIV/b/Zakkenmakers>"
"192","<http://www.data2semantics.org/data/1859_marked/Beroepen/XIV/Fabrikanten_van_verschillende_aard_en_werklieden>","<http://www.data2semantics.org/data/1889_marked/Beroepen/XIX/h/Verhuurders_van_verschillende_goederen>"
"193","<http://www.data2semantics.org/data/1859_marked/Beroepen/XIV/Kaarsenmakers__was-_en_smeer-_>","<http://www.data2semantics.org/data/1889_marked/Beroepen/XII/a/Blok-_en_mastenmakers>"
"194","<http://www.data2semantics.org/data/1859_marked/Beroepen/XIV/Lijmzieders>","<http://www.data2semantics.org/data/1889_marked/Beroepen/XIV/b/Zakkenmakers>"
"195","<http://www.data2semantics.org/data/1859_marked/Beroepen/XIV/Olieslagers>","<http://www.data2semantics.org/data/1889_marked/Beroepen/XXIV/h/Wegers>"
"196","<http://www.data2semantics.org/data/1859_marked/Beroepen/XIV/Pek-_en_teerstokers>","<http://www.data2semantics.org/data/1889_marked/Beroepen/XII/a/Blok-_en_mastenmakers>"
"197","<http://www.data2semantics.org/data/1859_marked/Beroepen/XIV/Pennenbereiders>","<http://www.data2semantics.org/data/1889_marked/Beroepen/XIV/d/Katoendrukkers>"
"198","<http://www.data2semantics.org/data/1859_marked/Beroepen/XIV/Pijpendoppenmakers>","<http://www.data2semantics.org/data/1889_marked/Beroepen/XIV/b/Zakkenmakers>"
"199","<http://www.data2semantics.org/data/1859_marked/Beroepen/XIV/Pijpenmakers_en_knechts>","<http://www.data2semantics.org/data/1889_marked/Beroepen/XII/a/Blok-_en_mastenmakers>"
"200","<http://www.data2semantics.org/data/1859_marked/Beroepen/XIV/Stijfselfabrikanten>","<http://www.data2semantics.org/data/1889_marked/Beroepen/XIV/c/Kantwerkers>"
"201","<http://www.data2semantics.org/data/1859_marked/Beroepen/XIV/Tabak-_en_sigaren-_fabrikanten>","<http://www.data2semantics.org/data/1889_marked/Beroepen/XIV/d/Garen-_en_katoenbleekers>"
"202","<http://www.data2semantics.org/data/1859_marked/Beroepen/XIV/Tabak-_en_sigaren-_kervers__knechts>","<http://www.data2semantics.org/data/1889_marked/Beroepen/XIX/h/Magazijn-_en_pakhuisknechts>"
"203","<http://www.data2semantics.org/data/1859_marked/Beroepen/XIV/Tabak-_en_sigaren-_verkopers>","<http://www.data2semantics.org/data/1889_marked/Beroepen/XIX/h/Water-_en_vuurverkoopers>"
"204","<http://www.data2semantics.org/data/1859_marked/Beroepen/XIV/Traanstokers>","<http://www.data2semantics.org/data/1889_marked/Beroepen/XIV/c/Kantwerkers>"
"205","<http://www.data2semantics.org/data/1859_marked/Beroepen/XIV/Wasblekers>","<http://www.data2semantics.org/data/1889_marked/Beroepen/XIV/e/Zeilmakers>"
"206","<http://www.data2semantics.org/data/1859_marked/Beroepen/XIX>","<http://www.data2semantics.org/data/1889_marked/Beroepen/XIX>"
"207","<http://www.data2semantics.org/data/1859_marked/Beroepen/XIX/Bestellers__expediteurs__factoors__voetboden>","<http://www.data2semantics.org/data/1889_marked/Beroepen/XIX/f/Verhuurders_van_diamantslijpersmolens>"
"208","<http://www.data2semantics.org/data/1859_marked/Beroepen/XIX/Dagbladrondbrengers>","<http://www.data2semantics.org/data/1889_marked/Beroepen/XIX/c/Ezelinnenhouders>"
"209","<http://www.data2semantics.org/data/1859_marked/Beroepen/XIX/Handelsreizigers>","<http://www.data2semantics.org/data/1889_marked/Beroepen/XIX/d/Beddenverhuurders>"
"210","<http://www.data2semantics.org/data/1859_marked/Beroepen/XIX/Kruiers_en_sjouwers>","<http://www.data2semantics.org/data/1889_marked/Beroepen/XIX/h/Kramers_en_rondventers>"
"211","<http://www.data2semantics.org/data/1859_marked/Beroepen/XIX/Ondernemers_van_publieke_wagens_en_verdere_middelen_van_vervoer>","<http://www.data2semantics.org/data/1889_marked/Beroepen/XIX/h/Ondernemers_van_openbare_verkoopingen>"
"212","<http://www.data2semantics.org/data/1859_marked/Beroepen/XIX/Opzichters_en_conducteurs>","<http://www.data2semantics.org/data/1889_marked/Beroepen/XIX/h/Kramers_en_rondventers>"
"213","<http://www.data2semantics.org/data/1859_marked/Beroepen/XIX/Scheepsjagers>","<http://www.data2semantics.org/data/1889_marked/Beroepen/XII/a/Scheepsmakers>"
"214","<http://www.data2semantics.org/data/1859_marked/Beroepen/XIX/Schippers__loodsen__matrozen__koopvaardij-___schuitenverhuurders_enz_>","<http://www.data2semantics.org/data/1889_marked/Beroepen/XIX/b/Costumiers__verhuurders_van_costumen_>"
"215","<http://www.data2semantics.org/data/1859_marked/Beroepen/XIX/Spoorweg-_en_stoombootbeambten>","<http://www.data2semantics.org/data/1889_marked/Beroepen/XX/c/Ondernemers_van_stoombootdiensten>"
"216","<http://www.data2semantics.org/data/1859_marked/Beroepen/XIX/Stalhouders__rijtuigenverhuurders>","<http://www.data2semantics.org/data/1889_marked/Beroepen/XIX/d/Beddenverhuurders>"
"217","<http://www.data2semantics.org/data/1859_marked/Beroepen/XIX/Turf-__kolen-_en_korendragers>","<http://www.data2semantics.org/data/1889_marked/Beroepen/XIX/h/Water-_en_vuurverkoopers>"
"218","<http://www.data2semantics.org/data/1859_marked/Beroepen/XIX/Voerlieden__koetsiers__lopers__postknechten>","<http://www.data2semantics.org/data/1889_marked/Beroepen/XIX/h/Tagrijnen__oudroestverkoopers_>"
"219","<http://www.data2semantics.org/data/1859_marked/Beroepen/XIX/Waagdragers>","<http://www.data2semantics.org/data/1889_marked/Beroepen/XIX/h/Uitdragers>"
"220","<http://www.data2semantics.org/data/1859_marked/Beroepen/XIX/Wijndragers_of_kraankinderen>","<http://www.data2semantics.org/data/1889_marked/Beroepen/XIX/f/Verhuurders_van_pianos>"
"221","<http://www.data2semantics.org/data/1859_marked/Beroepen/XV>","<http://www.data2semantics.org/data/1889_marked/Beroepen/XV>"
"222","<http://www.data2semantics.org/data/1859_marked/Beroepen/XV/Broodslijters>","<http://www.data2semantics.org/data/1889_marked/Beroepen/XVI/n/Mouters>"
"223","<http://www.data2semantics.org/data/1859_marked/Beroepen/XV/Gaarkeukenhouders>","<http://www.data2semantics.org/data/1889_marked/Beroepen/XX/g/Gaarkeukenhouders>"
"224","<http://www.data2semantics.org/data/1859_marked/Beroepen/XV/Gistverkopers>","<http://www.data2semantics.org/data/1889_marked/Beroepen/XVI/a/Grutters>"
"225","<http://www.data2semantics.org/data/1859_marked/Beroepen/XV/Graanhandelaars>","<http://www.data2semantics.org/data/1889_marked/Beroepen/XVI/n/Bierbottelaars>"
"226","<http://www.data2semantics.org/data/1859_marked/Beroepen/XV/Grossiers_en_slijters>","<http://www.data2semantics.org/data/1889_marked/Beroepen/XVI/b/Koks_en_kooksters>"
"227","<http://www.data2semantics.org/data/1859_marked/Beroepen/XV/Herbergiers-__kasteleins-_en_koffiehuishouders>","<http://www.data2semantics.org/data/1889_marked/Beroepen/XVI/b/Beignets-__poffertjes-_en_wafelbakkers>"
"228","<http://www.data2semantics.org/data/1859_marked/Beroepen/XV/Korenverschieters>","<http://www.data2semantics.org/data/1889_marked/Beroepen/XIV/d/Katoenververs>"
"229","<http://www.data2semantics.org/data/1859_marked/Beroepen/XV/Kroeghouders__tappers>","<http://www.data2semantics.org/data/1889_marked/Beroepen/XVI/a/Grutters>"
"230","<http://www.data2semantics.org/data/1859_marked/Beroepen/XV/Visverkopers>","<http://www.data2semantics.org/data/1889_marked/Beroepen/XV/b/Zeepzieders>"
"231","<http://www.data2semantics.org/data/1859_marked/Beroepen/XV/Wijnhandelaren>","<http://www.data2semantics.org/data/1889_marked/Beroepen/XVI/n>"
"232","<http://www.data2semantics.org/data/1859_marked/Beroepen/XV/Zaadverkopers>","<http://www.data2semantics.org/data/1889_marked/Beroepen/XVI/n/Mouters>"
"233","<http://www.data2semantics.org/data/1859_marked/Beroepen/XVI>","<http://www.data2semantics.org/data/1889_marked/Beroepen/XVI>"
"234","<http://www.data2semantics.org/data/1859_marked/Beroepen/XVI/Garen-_en_bandwinkeliers>","<http://www.data2semantics.org/data/1889_marked/Beroepen/XIV/d/Garen-_en_katoenbleekers>"
"235","<http://www.data2semantics.org/data/1859_marked/Beroepen/XVI/Klederen-_en_gemaaktgoedverkopers>","<http://www.data2semantics.org/data/1889_marked/Beroepen/XVI/b/Koek-_en_banketbakkers>"
"236","<http://www.data2semantics.org/data/1859_marked/Beroepen/XVI/Kooplieden_in_manufakturen>","<http://www.data2semantics.org/data/1889_marked/Beroepen/XIX/a/Kooplieden>"
"237","<http://www.data2semantics.org/data/1859_marked/Beroepen/XVII>","<http://www.data2semantics.org/data/1889_marked/Beroepen/XVII>"
"238","<http://www.data2semantics.org/data/1859_marked/Beroepen/XVII/IJzer-_en_kachelverkopers>","<http://www.data2semantics.org/data/1889_marked/Beroepen/XIX/h/Water-_en_vuurverkoopers>"
"239","<http://www.data2semantics.org/data/1859_marked/Beroepen/XVII/Oudijzerverkopers>","<http://www.data2semantics.org/data/1889_marked/Beroepen/XVII/a/Heideontginners>"
"240","<http://www.data2semantics.org/data/1859_marked/Beroepen/XVIII>","<http://www.data2semantics.org/data/1889_marked/Beroepen/XVIII>"
"241","<http://www.data2semantics.org/data/1859_marked/Beroepen/XVIII/Bankiers__geldwisselaars__kassiers>","<http://www.data2semantics.org/data/1889_marked/Beroepen/XXIII/h/Geldwisselaars>"
"242","<http://www.data2semantics.org/data/1859_marked/Beroepen/XVIII/Beleenbankhouders__inbrengers>","<http://www.data2semantics.org/data/1889_marked/Beroepen/XVIII/c/Jagers>"
"243","<http://www.data2semantics.org/data/1859_marked/Beroepen/XVIII/Debiteurs_en_gedelegeerden_in_de_loterij>","<http://www.data2semantics.org/data/1889_marked/Beroepen/XXIII/h/Debiteurs_Staatsloterij>"
"244","<http://www.data2semantics.org/data/1859_marked/Beroepen/XVIII/Makelaars_en_kargadoors>","<http://www.data2semantics.org/data/1889_marked/Beroepen/XVIII/a/Schelpenvisschers>"
"245","<http://www.data2semantics.org/data/1859_marked/Beroepen/XVIII/Ondernemers_van_begrafenis-_en_ziekenfondsen>","<http://www.data2semantics.org/data/1889_marked/Beroepen/XIX/h/Ondernemers_van_openbare_verkoopingen>"
"246","<http://www.data2semantics.org/data/1859_marked/Beroepen/XVIII/Ondernemers_van_openbare_verkopingen>","<http://www.data2semantics.org/data/1889_marked/Beroepen/XIX/h/Ondernemers_van_openbare_verkoopingen>"
"247","<http://www.data2semantics.org/data/1859_marked/Beroepen/XVIII/Ondernemers_van_waarborgmaatschappijen__assuradeurs_>","<http://www.data2semantics.org/data/1889_marked/Beroepen/XIX/h/Ondernemers_van_openbare_verkoopingen>"
"248","<http://www.data2semantics.org/data/1859_marked/Beroepen/XVIII/Schatters>","<http://www.data2semantics.org/data/1889_marked/Beroepen/XVIII/c/Jagers>"
"249","<http://www.data2semantics.org/data/1859_marked/Beroepen/XVIII/Scheepsexperten>","<http://www.data2semantics.org/data/1889_marked/Beroepen/XVIII/b/Visschers>"
"250","<http://www.data2semantics.org/data/1859_marked/Beroepen/XVIII/Vendumeesters>","<http://www.data2semantics.org/data/1889_marked/Beroepen/XXIV/h/Vendumeesters>"
"251","<http://www.data2semantics.org/data/1859_marked/Beroepen/XX>","<http://www.data2semantics.org/data/1889_marked/Beroepen/XX>"
"252","<http://www.data2semantics.org/data/1859_marked/Beroepen/XX/Galanteriewarenhandelaars_en_verkopers>","<http://www.data2semantics.org/data/1889_marked/Beroepen/XIX/h/Water-_en_vuurverkoopers>"
"253","<http://www.data2semantics.org/data/1859_marked/Beroepen/XX/Griendbazen>","<http://www.data2semantics.org/data/1889_marked/Beroepen/XX/c/Matrozen>"
"254","<http://www.data2semantics.org/data/1859_marked/Beroepen/XX/Handelsleerlingen>","<http://www.data2semantics.org/data/1889_marked/Beroepen/XX/e/Ingenieurs>"
"255","<http://www.data2semantics.org/data/1859_marked/Beroepen/XX/Kantoor-_en_winkelbedienden>","<http://www.data2semantics.org/data/1889_marked/Beroepen/XIX/g/Winkelbedienden>"
"256","<http://www.data2semantics.org/data/1859_marked/Beroepen/XX/Kleinhandelaren_en_winkeliers>","<http://www.data2semantics.org/data/1889_marked/Beroepen/XVI/b/Koek-_en_banketbakkers>"
"257","<http://www.data2semantics.org/data/1859_marked/Beroepen/XX/Kooplieden_van_verschillende_aard>","<http://www.data2semantics.org/data/1889_marked/Beroepen/XIX/h/Verhuurders_van_verschillende_goederen>"
"258","<http://www.data2semantics.org/data/1859_marked/Beroepen/XX/Kramers>","<http://www.data2semantics.org/data/1889_marked/Beroepen/XX/c/Reeders>"
"259","<http://www.data2semantics.org/data/1859_marked/Beroepen/XX/Magazijnmeesters>","<http://www.data2semantics.org/data/1889_marked/Beroepen/XXIV/h/Vendumeesters>"
"260","<http://www.data2semantics.org/data/1859_marked/Beroepen/XX/Meeters__koren-__kolen-__hout-__hooi_enz____wijnstekers>","<http://www.data2semantics.org/data/1889_marked/Beroepen/V/c/Draaiers__hout-__been-__ivoor-__enz__>"
"261","<http://www.data2semantics.org/data/1859_marked/Beroepen/XX/Ondernemers_en_direkteurs_van_naamlooze_en_handelmaatschappijen>","<http://www.data2semantics.org/data/1889_marked/Beroepen/XX/c/Ondernemers_van_stoombootdiensten>"
"262","<http://www.data2semantics.org/data/1859_marked/Beroepen/XX/Pakhuisknechts>","<http://www.data2semantics.org/data/1889_marked/Beroepen/XX/b/Huurkoetsiers>"
"263","<http://www.data2semantics.org/data/1859_marked/Beroepen/XX/Papierhandelaars>","<http://www.data2semantics.org/data/1889_marked/Beroepen/XXIII/g/Makelaars>"
"264","<http://www.data2semantics.org/data/1859_marked/Beroepen/XX/Reders>","<http://www.data2semantics.org/data/1889_marked/Beroepen/XX/c/Reeders>"
"265","<http://www.data2semantics.org/data/1859_marked/Beroepen/XX/Runhandelaars>","<http://www.data2semantics.org/data/1889_marked/Beroepen/XXII/d/Makelaars>"
"266","<http://www.data2semantics.org/data/1859_marked/Beroepen/XX/Schelpvissers>","<http://www.data2semantics.org/data/1889_marked/Beroepen/XX/c/Stokers>"
"267","<http://www.data2semantics.org/data/1859_marked/Beroepen/XX/Steenkolen-__hout-_en_turfverkopers>","<http://www.data2semantics.org/data/1889_marked/Beroepen/XIX/h/Water-_en_vuurverkoopers>"
"268","<http://www.data2semantics.org/data/1859_marked/Beroepen/XX/Steenkoopers>","<http://www.data2semantics.org/data/1889_marked/Beroepen/XX/a/Koetsiers>"
"269","<http://www.data2semantics.org/data/1859_marked/Beroepen/XX/Uitdragers_en_venters>","<http://www.data2semantics.org/data/1889_marked/Beroepen/XIX/h/Uitdragers>"
"270","<http://www.data2semantics.org/data/1859_marked/Beroepen/XX/Voddenrapers>","<http://www.data2semantics.org/data/1889_marked/Beroepen/XIX/h/Voddenrapers>"
"271","<http://www.data2semantics.org/data/1859_marked/Beroepen/XX/Vogelverkopers>","<http://www.data2semantics.org/data/1889_marked/Beroepen/XX/c/Convooiloopers>"
"272","<http://www.data2semantics.org/data/1859_marked/Beroepen/XX/Water-_en_vuurverkopers>","<http://www.data2semantics.org/data/1889_marked/Beroepen/XIX/h/Water-_en_vuurverkoopers>"
"273","<http://www.data2semantics.org/data/1859_marked/Beroepen/XX/Zaakwaarnemers>","<http://www.data2semantics.org/data/1889_marked/Beroepen/XX/h/Porders>"
"274","<http://www.data2semantics.org/data/1859_marked/Beroepen/XX/Zakkenverhuurders>","<http://www.data2semantics.org/data/1889_marked/Beroepen/XX/d/Bootenverhuurders>"
"275","<http://www.data2semantics.org/data/1859_marked/Beroepen/XX/Zandverkopers>","<http://www.data2semantics.org/data/1889_marked/Beroepen/XX/h/Porders>"
"276","<http://www.data2semantics.org/data/1859_marked/Beroepen/XX/Zeehandelaars>","<http://www.data2semantics.org/data/1889_marked/Beroepen/XXII/d/Makelaars>"
"277","<http://www.data2semantics.org/data/1859_marked/Beroepen/XXI>","<http://www.data2semantics.org/data/1889_marked/Beroepen/XXI>"
"278","<http://www.data2semantics.org/data/1859_marked/Beroepen/XXI/Ambtenaren%3B_gemeente>","<http://www.data2semantics.org/data/1889_marked/Beroepen/XXI/h/Kassiers>"
"279","<http://www.data2semantics.org/data/1859_marked/Beroepen/XXI/Ambtenaren%3B_niet_genoemde>","<http://www.data2semantics.org/data/1889_marked/Beroepen/XX/e/Telegraphieambtenaren_en_beambten>"
"280","<http://www.data2semantics.org/data/1859_marked/Beroepen/XXI/Ambtenaren%3B_provinciale>","<http://www.data2semantics.org/data/1889_marked/Beroepen/XXIV/e/Advertentieplaatsers>"
"281","<http://www.data2semantics.org/data/1859_marked/Beroepen/XXI/Ambtenaren%3B_rijks>","<http://www.data2semantics.org/data/1889_marked/Beroepen/XXI/h/Kassiers>"
"282","<http://www.data2semantics.org/data/1859_marked/Beroepen/XXI/Gezanten_van_vreemde_mogendheden>","<http://www.data2semantics.org/data/1889_marked/Beroepen/XXI/h/Agenten_van_bankinstellingen>"
"283","<http://www.data2semantics.org/data/1859_marked/Beroepen/XXI/Haven-_en_bakenmeesters>","<http://www.data2semantics.org/data/1889_marked/Beroepen/XXIV/h/Vendumeesters>"
"284","<http://www.data2semantics.org/data/1859_marked/Beroepen/XXI/Heemraden_en_verdere_ambtenaren_bij_de_waterschappen>","<http://www.data2semantics.org/data/1889_marked/Beroepen/XIX/c/Commissarissen_bij_de_graanwerkers>"
"285","<http://www.data2semantics.org/data/1859_marked/Beroepen/XXI/IJkmeesters>","<http://www.data2semantics.org/data/1889_marked/Beroepen/XXI/h/Kassiers>"
"286","<http://www.data2semantics.org/data/1859_marked/Beroepen/XXI/Ingenieurs_en_verdere_ambtenaren_van_den_waterstaat>","<http://www.data2semantics.org/data/1889_marked/Beroepen/XXV/h/f__Ingenieurs_en_architecten>"
"287","<http://www.data2semantics.org/data/1859_marked/Beroepen/XXI/Kustlichtwachters>","<http://www.data2semantics.org/data/1889_marked/Beroepen/XXI/h/Kassiers>"
"288","<http://www.data2semantics.org/data/1859_marked/Beroepen/XXI/Loodswezen__personen_bij_het_>","<http://www.data2semantics.org/data/1889_marked/Beroepen/XX/c/Loodsen__particuliere_>"
"289","<http://www.data2semantics.org/data/1859_marked/Beroepen/XXI/Meesters__keur-__markt-__waag-___afslagers>","<http://www.data2semantics.org/data/1889_marked/Beroepen/XXIV/h/Vischafslagers>"
"290","<http://www.data2semantics.org/data/1859_marked/Beroepen/XXI/Omroepers__aanplakkers>","<http://www.data2semantics.org/data/1889_marked/Beroepen/XXIV/h/Omroepers>"
"291","<http://www.data2semantics.org/data/1859_marked/Beroepen/XXI/Opzieners__vesting-__krijgs-_en_waterstaat-_>","<http://www.data2semantics.org/data/1889_marked/Beroepen/IX/a/Opzichters_van_ijzerertsontginning>"
"292","<http://www.data2semantics.org/data/1859_marked/Beroepen/XXI/Opzieners_der_jacht_en_visserij>","<http://www.data2semantics.org/data/1889_marked/Beroepen/IX/a/Opzichters_van_ijzerertsontginning>"
"293","<http://www.data2semantics.org/data/1859_marked/Beroepen/XXI/Opzieners_van_openbare_werken>","<http://www.data2semantics.org/data/1889_marked/Beroepen/XX/c/Opzichters_van_stoombootdiensten>"
"294","<http://www.data2semantics.org/data/1859_marked/Beroepen/XXI/Scheepwakers>","<http://www.data2semantics.org/data/1889_marked/Beroepen/XXI/h/Kassiers>"
"295","<http://www.data2semantics.org/data/1859_marked/Beroepen/XXI/Strandmeesters>","<http://www.data2semantics.org/data/1889_marked/Beroepen/XXI/h/Kassiers>"
"296","<http://www.data2semantics.org/data/1859_marked/Beroepen/XXI/Surnumerairs_bij_de_belasting__posterijen_enz_>","<http://www.data2semantics.org/data/1889_marked/Beroepen/XIX/c/Commissarissen_bij_de_graanwerkers>"
"297","<http://www.data2semantics.org/data/1859_marked/Beroepen/XXI/Telegrafisten>","<http://www.data2semantics.org/data/1889_marked/Beroepen/XX/e/Telegraphie>"
"298","<http://www.data2semantics.org/data/1859_marked/Beroepen/XXI/Tol-_en_pontgaarders__sluiswachters>","<http://www.data2semantics.org/data/1889_marked/Beroepen/XX/d/Brug-_en_sluiswachters>"
"299","<http://www.data2semantics.org/data/1859_marked/Beroepen/XXII>","<http://www.data2semantics.org/data/1889_marked/Beroepen/XXIII>"
"300","<http://www.data2semantics.org/data/1859_marked/Beroepen/XXII/Advokaten>","<http://www.data2semantics.org/data/1889_marked/Beroepen/XXIII/a/Agenten>"
"301","<http://www.data2semantics.org/data/1859_marked/Beroepen/XXII/Deurwaarders>","<http://www.data2semantics.org/data/1889_marked/Beroepen/XX/h/Porders>"
"302","<http://www.data2semantics.org/data/1859_marked/Beroepen/XXII/Gevangenbewaarders_en_andere_beambten_in_gevangenissen>","<http://www.data2semantics.org/data/1889_marked/Beroepen/XXVII/h/Beambten_in_gestichten_tot_verpleging>"
"303","<http://www.data2semantics.org/data/1859_marked/Beroepen/XXII/Notarissen>","<http://www.data2semantics.org/data/1889_marked/Beroepen/XXII/a/Agenten>"
"304","<http://www.data2semantics.org/data/1859_marked/Beroepen/XXII/Notarissen__kandidaat_>","<http://www.data2semantics.org/data/1889_marked/Beroepen/XXVI/h/Leeraren__privaat_>"
"305","<http://www.data2semantics.org/data/1859_marked/Beroepen/XXII/Politie%3B_direkteurs__commissarissen__agenten__veld-_en_boswachters>","<http://www.data2semantics.org/data/1889_marked/Beroepen/XIX/c/Commissarissen_bij_de_graanwerkers>"
"306","<http://www.data2semantics.org/data/1859_marked/Beroepen/XXII/Politie%3B_marechaussees>","<http://www.data2semantics.org/data/1889_marked/Beroepen/XXII/d/Commissionnairs>"
"307","<http://www.data2semantics.org/data/1859_marked/Beroepen/XXII/Prokureurs>","<http://www.data2semantics.org/data/1889_marked/Beroepen/XXII/b/Controleurs>"
"308","<http://www.data2semantics.org/data/1859_marked/Beroepen/XXII/Regterlijke_macht>","<http://www.data2semantics.org/data/1889_marked/Beroepen/XXII/d/Commissionnairs>"
"309","<http://www.data2semantics.org/data/1859_marked/Beroepen/XXII/Solliciteurs_en_klerken>","<http://www.data2semantics.org/data/1889_marked/Beroepen/VI/a/Coupeurs_en_coupeuses>"
"310","<http://www.data2semantics.org/data/1859_marked/Beroepen/XXIII>","<http://www.data2semantics.org/data/1889_marked/Beroepen/XXIII>"
"311","<http://www.data2semantics.org/data/1859_marked/Beroepen/XXIII/Evangelisten>","<http://www.data2semantics.org/data/1889_marked/Beroepen/XXIII/a/Agenten>"
"312","<http://www.data2semantics.org/data/1859_marked/Beroepen/XXIII/Godsdienstleraren_en_aan_de_dienst_verbonden_personen__Isra%C3%ABlitische_dienstdoende_personen>","<http://www.data2semantics.org/data/1889_marked/Beroepen/XXXIV/b/Godsdienstonderwijzers_isra%C3%ABliet>"
"313","<http://www.data2semantics.org/data/1859_marked/Beroepen/XXIII/Godsdienstleraren_en_aan_de_dienst_verbonden_personen__Isra%C3%ABlitische_rabbijnen>","<http://www.data2semantics.org/data/1889_marked/Beroepen/XXXIV/b/Godsdienstonderwijzers_isra%C3%ABliet>"
"314","<http://www.data2semantics.org/data/1859_marked/Beroepen/XXIII/Godsdienstleraren_en_aan_de_dienst_verbonden_personen__Protestantse_dienstdoende_personen>","<http://www.data2semantics.org/data/1889_marked/Beroepen/XXXIV/b/Godsdienstonderwijzers_protestant>"
"315","<http://www.data2semantics.org/data/1859_marked/Beroepen/XXIII/Godsdienstleraren_en_aan_de_dienst_verbonden_personen__Protestantse_katechiseermeesters>","<http://www.data2semantics.org/data/1889_marked/Beroepen/XXXIV/b/Godsdienstonderwijzers_protestant>"
"316","<http://www.data2semantics.org/data/1859_marked/Beroepen/XXIII/Godsdienstleraren_en_aan_de_dienst_verbonden_personen__Protestantse_kweekel__voor_het_zendelingwerk>","<http://www.data2semantics.org/data/1889_marked/Beroepen/XXXIV/b/Godsdienstonderwijzers_protestant>"
"317","<http://www.data2semantics.org/data/1859_marked/Beroepen/XXIII/Godsdienstleraren_en_aan_de_dienst_verbonden_personen__Protestantse_predikanten>","<http://www.data2semantics.org/data/1889_marked/Beroepen/XXXIV/b/Godsdienstonderwijzers_protestant>"
"318","<http://www.data2semantics.org/data/1859_marked/Beroepen/XXIII/Godsdienstleraren_en_aan_de_dienst_verbonden_personen__Roomskatholieke_dienstdoende_personen>","<http://www.data2semantics.org/data/1889_marked/Beroepen/XXXIV/b/Godsdienstonderwijzers_katholiek>"
"319","<http://www.data2semantics.org/data/1859_marked/Beroepen/XXIII/Godsdienstleraren_en_aan_de_dienst_verbonden_personen__Roomskatholieke_geestelijke_zusters>","<http://www.data2semantics.org/data/1889_marked/Beroepen/XXI/h/Beleenbankhouders_en_personeel_aan_banken_van_leening__ook_gemeentelijke_>"
"320","<http://www.data2semantics.org/data/1859_marked/Beroepen/XXIII/Godsdienstleraren_en_aan_de_dienst_verbonden_personen__Roomskatholieke_kloosterlingen>","<http://www.data2semantics.org/data/1889_marked/Beroepen/XXXIV/b/Godsdienstonderwijzers_katholiek>"
"321","<http://www.data2semantics.org/data/1859_marked/Beroepen/XXIII/Godsdienstleraren_en_aan_de_dienst_verbonden_personen__Roomskatholieke_pastoors__kapelaans>","<http://www.data2semantics.org/data/1889_marked/Beroepen/XXXIV/b/Godsdienstonderwijzers_katholiek>"
"322","<http://www.data2semantics.org/data/1859_marked/Beroepen/XXIII/Liefdadige_gestichten%3B_dienstdoend_personeel>","<http://www.data2semantics.org/data/1889_marked/Beroepen/XXVII/h/Krankzinnigenoppassers__in_gestichten_>"
"323","<http://www.data2semantics.org/data/1859_marked/Beroepen/XXIII/Liefdadige_gestichten%3B_hoofden>","<http://www.data2semantics.org/data/1889_marked/Beroepen/XXVII/h/Ziekenoppassers__in_gestichten_>"
"324","<http://www.data2semantics.org/data/1859_marked/Beroepen/XXIV>","<http://www.data2semantics.org/data/1889_marked/Beroepen/XXIV>"
"325","<http://www.data2semantics.org/data/1859_marked/Beroepen/XXIV/Hoogleeraren_aan_hogescholen__seminaries_enz_>","<http://www.data2semantics.org/data/1889_marked/Beroepen/XXVI/h/Leeraren__bijzondere_scholen_>"
"326","<http://www.data2semantics.org/data/1859_marked/Beroepen/XXIV/Huisleerlingen>","<http://www.data2semantics.org/data/1889_marked/Beroepen/XXIV/b>"
"327","<http://www.data2semantics.org/data/1859_marked/Beroepen/XXIV/Huisopvoeders>","<http://www.data2semantics.org/data/1889_marked/Beroepen/XXIV/b/Reizigers>"
"328","<http://www.data2semantics.org/data/1859_marked/Beroepen/XXIV/Kostschoolhouders>","<http://www.data2semantics.org/data/1889_marked/Beroepen/XXVI/h/Kostschoolhouders>"
"329","<http://www.data2semantics.org/data/1859_marked/Beroepen/XXIV/Kwekelingen_voor_%27t_lager_onderwijs>","<http://www.data2semantics.org/data/1889_marked/Beroepen/XXVI/h/Kweekelingen__lager_onderwijs_>"
"330","<http://www.data2semantics.org/data/1859_marked/Beroepen/XXIV/Landbouw-_en_landhuishoudkundige_scholen__leerlingen_aan_>","<http://www.data2semantics.org/data/1889_marked/Beroepen/XXVI/h/Leeraren__bijzondere_scholen_>"
"331","<http://www.data2semantics.org/data/1859_marked/Beroepen/XXIV/Latijnsche_scholen__leerlingen_aan_>","<http://www.data2semantics.org/data/1889_marked/Beroepen/XXVI/h/Leeraren__bijzondere_scholen_>"
"332","<http://www.data2semantics.org/data/1859_marked/Beroepen/XXIV/Onderwijzers__onderwijzeressen__aan_Latijnsche_scholen>","<http://www.data2semantics.org/data/1889_marked/Beroepen/XXVI/h/Onderwijzers__bijzondere_scholen_>"
"333","<http://www.data2semantics.org/data/1859_marked/Beroepen/XXIV/Onderwijzers__onderwijzeressen__aan_de_lagere_scholen>","<http://www.data2semantics.org/data/1889_marked/Beroepen/XXVI/h/Onderwijzers__bijzondere_scholen_>"
"334","<http://www.data2semantics.org/data/1859_marked/Beroepen/XXIV/Onderwijzers__onderwijzeressen__aan_landbouw-_en_landhuishoudkundige_scholen>","<http://www.data2semantics.org/data/1889_marked/Beroepen/XXVI/h/Onderwijzers__bijzondere_scholen_>"
"335","<http://www.data2semantics.org/data/1859_marked/Beroepen/XXIV/Onderwijzers__onderwijzeressen__aan_zeevaartscholen>","<http://www.data2semantics.org/data/1889_marked/Beroepen/XXVI/h/Onderwijzers__bijzondere_scholen_>"
"336","<http://www.data2semantics.org/data/1859_marked/Beroepen/XXIV/Onderwijzers__onderwijzeressen__hulp->","<http://www.data2semantics.org/data/1889_marked/Beroepen/XXVI/h/Onderwijzers__bijzondere_scholen_>"
"337","<http://www.data2semantics.org/data/1859_marked/Beroepen/XXIV/Schermmeesters>","<http://www.data2semantics.org/data/1889_marked/Beroepen/XXIV/h/Vendumeesters>"
"338","<http://www.data2semantics.org/data/1859_marked/Beroepen/XXIV/Schoolleerlingen>","<http://www.data2semantics.org/data/1889_marked/Beroepen/XXIV/b/Reizigers>"
"339","<http://www.data2semantics.org/data/1859_marked/Beroepen/XXIV/Studenten_aan_hogescholen__athenaea__seminaries__clinische_scholen__enz_>","<http://www.data2semantics.org/data/1889_marked/Beroepen/XXV/h/k__Kunstenmakers__goochelaars__straatmuzikanten__enz_>"
"340","<http://www.data2semantics.org/data/1859_marked/Beroepen/XXIV/Taalmeesters__translateurs>","<http://www.data2semantics.org/data/1889_marked/Beroepen/XXIV/e/Advertentieplaatsers>"
"341","<http://www.data2semantics.org/data/1859_marked/Beroepen/XXIV/Waterbouwkundige_leerlingen>","<http://www.data2semantics.org/data/1889_marked/Beroepen/XXIV/e/Advertentieplaatsers>"
"342","<http://www.data2semantics.org/data/1859_marked/Beroepen/XXIV/Zeevaartscholen_te_Amsterdam_en_Groningen__leerlingen_aan_de_>","<http://www.data2semantics.org/data/1889_marked/Beroepen/XX/c/Officieren__stoomvaartmaatschappij_>"
"343","<http://www.data2semantics.org/data/1859_marked/Beroepen/XXIX>","<http://www.data2semantics.org/data/1889_marked/Beroepen/XXIX>"
"344","<http://www.data2semantics.org/data/1859_marked/Beroepen/XXIX/Bakers>","<http://www.data2semantics.org/data/1889_marked/Beroepen/XX/c/Stokers>"
"345","<http://www.data2semantics.org/data/1859_marked/Beroepen/XXIX/Dienstboden__portiers_enz_>","<http://www.data2semantics.org/data/1889_marked/Beroepen/XXVIII/h/Dienstboden>"
"346","<http://www.data2semantics.org/data/1859_marked/Beroepen/XXIX/Gezelschapsjuffrouwen>","<http://www.data2semantics.org/data/1889_marked/Beroepen/XX/h/Kioskjuffrouwen>"
"347","<http://www.data2semantics.org/data/1859_marked/Beroepen/XXIX/Huisbewaarders>","<http://www.data2semantics.org/data/1889_marked/Beroepen/XXVIII/h/Huisbewaarders>"
"348","<http://www.data2semantics.org/data/1859_marked/Beroepen/XXIX/Huishoudsters>","<http://www.data2semantics.org/data/1889_marked/Beroepen/XXVIII/h/Huishoudsters>"
"349","<http://www.data2semantics.org/data/1859_marked/Beroepen/XXIX/Minnen>","<http://www.data2semantics.org/data/1889_marked/Beroepen/XXIII/b>"
"350","<http://www.data2semantics.org/data/1859_marked/Beroepen/XXV>","<http://www.data2semantics.org/data/1889_marked/Beroepen/XXV>"
"351","<http://www.data2semantics.org/data/1859_marked/Beroepen/XXV/Beeldhouwers__lofwerksnijders>","<http://www.data2semantics.org/data/1889_marked/Beroepen/VII/a/Beeldhouwers>"
"352","<http://www.data2semantics.org/data/1859_marked/Beroepen/XXV/Dagbladschrijvers__letterkundigen>","<http://www.data2semantics.org/data/1889_marked/Beroepen/XXV/h/g__Kunstenaars_en_letterkundigen>"
"353","<http://www.data2semantics.org/data/1859_marked/Beroepen/XXV/Fotografen>","<http://www.data2semantics.org/data/1889_marked/Beroepen/II/c/Photografen>"
"354","<http://www.data2semantics.org/data/1859_marked/Beroepen/XXV/Graveurs_op_metaal_en_steen__stempelsnijders>","<http://www.data2semantics.org/data/1889_marked/Beroepen/XXVI/h/Gouverneurs_en_gouvernantes>"
"355","<http://www.data2semantics.org/data/1859_marked/Beroepen/XXV/Klerken_en_schrijvers>","<http://www.data2semantics.org/data/1889_marked/Beroepen/XXVI/h/Blindenonderwijzers>"
"356","<http://www.data2semantics.org/data/1859_marked/Beroepen/XXV/Kunstenaars_en_goochelaars>","<http://www.data2semantics.org/data/1889_marked/Beroepen/XXV/h/g__Kunstenaars_en_letterkundigen>"
"357","<http://www.data2semantics.org/data/1859_marked/Beroepen/XXV/Kunstkopers>","<http://www.data2semantics.org/data/1889_marked/Beroepen/VI/b/Kappers>"
"358","<http://www.data2semantics.org/data/1859_marked/Beroepen/XXV/Kunstoefenaren__toneelspelers__dansmeesters_en_zangers>","<http://www.data2semantics.org/data/1889_marked/Beroepen/XXVII/h/Verplegers_en_verpleegsters>"
"359","<http://www.data2semantics.org/data/1859_marked/Beroepen/XXV/Kunstoefenaren_muzikanten__muziekmeesters>","<http://www.data2semantics.org/data/1889_marked/Beroepen/XXIV/h/Vendumeesters>"
"360","<http://www.data2semantics.org/data/1859_marked/Beroepen/XXV/Kunstoefenaren_schilders>","<http://www.data2semantics.org/data/1889_marked/Beroepen/VII/b/Glasschilders>"
"361","<http://www.data2semantics.org/data/1859_marked/Beroepen/XXV/Kunstoefenaren_tekenaars__tekenmeesters__decorateurs>","<http://www.data2semantics.org/data/1889_marked/Beroepen/XXV/h/h__Administrateurs__rentmeesters__enz_>"
"362","<http://www.data2semantics.org/data/1859_marked/Beroepen/XXV/Landhuishoudkundigen>","<http://www.data2semantics.org/data/1889_marked/Beroepen/XX/g/Koffiehuishouders>"
"363","<http://www.data2semantics.org/data/1859_marked/Beroepen/XXV/Landmeters>","<http://www.data2semantics.org/data/1889_marked/Beroepen/XX/c/Stokers>"
"364","<http://www.data2semantics.org/data/1859_marked/Beroepen/XXV/Modelmakers>","<http://www.data2semantics.org/data/1889_marked/Beroepen/V/a/Modelmakers>"
"365","<http://www.data2semantics.org/data/1859_marked/Beroepen/XXV/Muziekinstrument-__orgel-__fortepianomakers_en_verkopers>","<http://www.data2semantics.org/data/1889_marked/Beroepen/XXV/h/k__Kunstenmakers__goochelaars__straatmuzikanten__enz_>"
"366","<http://www.data2semantics.org/data/1859_marked/Beroepen/XXV/Pleistergieters__boetseerders>","<http://www.data2semantics.org/data/1889_marked/Beroepen/VII/a/Pleisterbeeldenmakers>"
"367","<http://www.data2semantics.org/data/1859_marked/Beroepen/XXV/Rijtuigschilders>","<http://www.data2semantics.org/data/1889_marked/Beroepen/XII/b/Rijtuigschilders>"
"368","<http://www.data2semantics.org/data/1859_marked/Beroepen/XXVI>","<http://www.data2semantics.org/data/1889_marked/Beroepen/XXVI>"
"369","<http://www.data2semantics.org/data/1859_marked/Beroepen/XXVI/Geneesheren__heelmeesters__officieren_van_gezondheid__vroedmeesters__vrouwen__oog-_en_tandmeesters>","<http://www.data2semantics.org/data/1889_marked/Beroepen/XXVII/h/Huismeesters_in_gestichten_tot_verpleging_of_verzorging>"
"370","<http://www.data2semantics.org/data/1859_marked/Beroepen/XXVI/Kwekelingen_aan_%27s_Rijks_hospitaal>","<http://www.data2semantics.org/data/1889_marked/Beroepen/XXVI/h/Kweekelingen__lager_onderwijs_>"
"371","<http://www.data2semantics.org/data/1859_marked/Beroepen/XXVI/Kwekelingen_aan_%27s_Rijks_veeartsenijschool>","<http://www.data2semantics.org/data/1889_marked/Beroepen/XXVI/h/Kweekelingen__bijzondere_bewaarschool_>"
"372","<http://www.data2semantics.org/data/1859_marked/Beroepen/XXVI/Lavementzetters>","<http://www.data2semantics.org/data/1889_marked/Beroepen/XVI/a/Grutters>"
"373","<http://www.data2semantics.org/data/1859_marked/Beroepen/XXVI/Likdoornsnijders>","<http://www.data2semantics.org/data/1889_marked/Beroepen/XIII/b/Brillensnijders>"
"374","<http://www.data2semantics.org/data/1859_marked/Beroepen/XXVI/Veeartsen>","<http://www.data2semantics.org/data/1889_marked/Beroepen/XXV/h/d__Veeartsen>"
"375","<http://www.data2semantics.org/data/1859_marked/Beroepen/XXVI/Ziekenoppassers>","<http://www.data2semantics.org/data/1889_marked/Beroepen/XXVIII/h/Nachtwakers>"
"376","<http://www.data2semantics.org/data/1859_marked/Beroepen/XXVII>","<http://www.data2semantics.org/data/1889_marked/Beroepen/XXVII>"
"377","<http://www.data2semantics.org/data/1859_marked/Beroepen/XXVII/Kadetten__adelborsten>","<http://www.data2semantics.org/data/1889_marked/Beroepen/XXVIII/h/Huishoudsters>"
"378","<http://www.data2semantics.org/data/1859_marked/Beroepen/XXVII/Krijgslieden_beneden_den_rang_van_tweeden_luitenant>","<http://www.data2semantics.org/data/1889_marked/Beroepen/XXVII/h/Ziekenoppassers__buiten_gestichten_>"
"379","<http://www.data2semantics.org/data/1859_marked/Beroepen/XXVII/Krijgslieden_van_en_boven_den_rang_van_tweeden_luitenant>","<http://www.data2semantics.org/data/1889_marked/Beroepen/XVI/o/Fabricage_van_sigaren_en_tabak>"
"380","<http://www.data2semantics.org/data/1859_marked/Beroepen/XXVII/Veteranen>","<http://www.data2semantics.org/data/1889_marked/Beroepen/XXIV/b>"
"381","<http://www.data2semantics.org/data/1859_marked/Beroepen/XXVII/Zeelieden_en_mariniers_beneden_den_rang_van_adelborst_1ste_klasse>","<http://www.data2semantics.org/data/1889_marked/Beroepen/XXVII/h/Krankzinnigenoppassers__in_gestichten_>"
"382","<http://www.data2semantics.org/data/1859_marked/Beroepen/XXVII/Zeelieden_en_mariniers_van_en_boven_den_rang_van_adelborst_1ste_klasse>","<http://www.data2semantics.org/data/1889_marked/Beroepen/VI/a/Fabricage_van_bedden_en_matrassen>"
"383","<http://www.data2semantics.org/data/1859_marked/Beroepen/XXVIII>","<http://www.data2semantics.org/data/1889_marked/Beroepen/XXVIII>"
"384","<http://www.data2semantics.org/data/1859_marked/Beroepen/XXVIII/Gepensioneerden__burgerlijke_en_militaire_>","<http://www.data2semantics.org/data/1889_marked/Beroepen/XXXV/c/Gepensionneerden__uit_alle_kassen_>"
"385","<http://www.data2semantics.org/data/1859_marked/Beroepen/XXVIII/Grondeigenaars>","<http://www.data2semantics.org/data/1889_marked/Beroepen/XXVIII/h/Concierges>"
"386","<http://www.data2semantics.org/data/1859_marked/Beroepen/XXVIII/Koninklijk_huis__personen_verbonden_aan_het_>","<http://www.data2semantics.org/data/1889_marked/Beroepen/XXVIII/h/Koetsiers__heerendienst_>"
"387","<http://www.data2semantics.org/data/1859_marked/Beroepen/XXVIII/Renteniers>","<http://www.data2semantics.org/data/1889_marked/Beroepen/XXVIII/h/Botteliers>"
"388","<http://www.data2semantics.org/data/1859_marked/Beroepen/XXX>","<http://www.data2semantics.org/data/1889_marked/Beroepen/XXX>"
"389","<http://www.data2semantics.org/data/1859_marked/Beroepen/XXX/Arbeiders__dagloners>","<http://www.data2semantics.org/data/1889_marked/Beroepen/XX/c/Arbeiders_stoomvaart>"
"390","<http://www.data2semantics.org/data/1859_marked/Beroepen/XXX/As-__bagger-_en_vuilnislieden>","<http://www.data2semantics.org/data/1889_marked/Beroepen/XIX/h/Water-_en_vuurverkoopers>"
"391","<http://www.data2semantics.org/data/1859_marked/Beroepen/XXX/Besteders>","<http://www.data2semantics.org/data/1889_marked/Beroepen/XX/c/Reeders>"
"392","<http://www.data2semantics.org/data/1859_marked/Beroepen/XXX/Doodgravers_en_bedienaars_van_begrafenissen>","<http://www.data2semantics.org/data/1889_marked/Beroepen/XX/c/Opzichters_van_stoombootdiensten>"
"393","<http://www.data2semantics.org/data/1859_marked/Beroepen/XXX/Gasfitters>","<http://www.data2semantics.org/data/1889_marked/Beroepen/XV/a/Gasfitters>"
"394","<http://www.data2semantics.org/data/1859_marked/Beroepen/XXX/Klokkenisten>","<http://www.data2semantics.org/data/1889_marked/Beroepen/XX/a/Machinisten>"
"395","<http://www.data2semantics.org/data/1859_marked/Beroepen/XXX/Kruidenzoekers>","<http://www.data2semantics.org/data/1889_marked/Beroepen/XX/b/Huurkoetsiers>"
"396","<http://www.data2semantics.org/data/1859_marked/Beroepen/XXX/Lantaarnopstekers>","<http://www.data2semantics.org/data/1889_marked/Beroepen/XIV/c/Kantwerkers>"
"397","<http://www.data2semantics.org/data/1859_marked/Beroepen/XXX/Nachtwerkers>","<http://www.data2semantics.org/data/1889_marked/Beroepen/XX/d/Bootwerkers>"
"398","<http://www.data2semantics.org/data/1859_marked/Beroepen/XXX/Opzichters_en_stokers_van_stoomwerktuigen>","<http://www.data2semantics.org/data/1889_marked/Beroepen/XX/c/Opzichters_van_stoombootdiensten>"
"399","<http://www.data2semantics.org/data/1859_marked/Beroepen/XXX/Orgeldraaiers_en_straatmuzikanten>","<http://www.data2semantics.org/data/1889_marked/Beroepen/XXVI/h/Gouverneurs_en_gouvernantes>"
"400","<http://www.data2semantics.org/data/1859_marked/Beroepen/XXX/Pikeurs__paardrijders>","<http://www.data2semantics.org/data/1889_marked/Beroepen/XVII/b/Hengstensnijders>"
"401","<http://www.data2semantics.org/data/1859_marked/Beroepen/XXX/Publieke_vrouwen>","<http://www.data2semantics.org/data/1889_marked/Beroepen/XXV/h/b__Vroedvrouwen>"
"402","<http://www.data2semantics.org/data/1859_marked/Beroepen/XXX/Publiekhuishouders>","<http://www.data2semantics.org/data/1889_marked/Beroepen/XX/g/Schafthuishouders>"
"403","<http://www.data2semantics.org/data/1859_marked/Beroepen/XXX/Rentmeesters>","<http://www.data2semantics.org/data/1889_marked/Beroepen/XX/c/Reeders>"
"404","<http://www.data2semantics.org/data/1859_marked/Beroepen/XXX/Stellingverhuurders>","<http://www.data2semantics.org/data/1889_marked/Beroepen/XIX/d/Beddenverhuurders>"
"405","<http://www.data2semantics.org/data/1859_marked/Beroepen/XXX/Straatmakers>","<http://www.data2semantics.org/data/1889_marked/Beroepen/III/d/Straatmakers>"
"406","<http://www.data2semantics.org/data/1859_marked/Beroepen/XXX/Villers>","<http://www.data2semantics.org/data/1889_marked/Beroepen/XX/h/Porders>"
"407","<http://www.data2semantics.org/data/1859_marked/Beroepen/XXX/Vogelvangers>","<http://www.data2semantics.org/data/1889_marked/Beroepen/XVIII/c/Vogelvangers>"
"408","<http://www.data2semantics.org/data/1859_marked/Beroepen/XXX/Watermolenaars>","<http://www.data2semantics.org/data/1889_marked/Beroepen/XVI/n/Moutmolenaars>"
"409","<http://www.data2semantics.org/data/1859_marked/Beroepen/XXX/Wekkers>","<http://www.data2semantics.org/data/1889_marked/Beroepen/XX/c/Stokers>"
"410","<http://www.data2semantics.org/data/1859_marked/Klassen/I>","<http://www.data2semantics.org/data/1889_marked/Klassen/IV>"
"411","<http://www.data2semantics.org/data/1859_marked/Klassen/II>","<http://www.data2semantics.org/data/1889_marked/Klassen/III>"
"412","<http://www.data2semantics.org/data/1859_marked/Klassen/III>","<http://www.data2semantics.org/data/1889_marked/Klassen/III>"
"413","<http://www.data2semantics.org/data/1859_marked/Klassen/IV>","<http://www.data2semantics.org/data/1889_marked/Klassen/IV>"
"414","<http://www.data2semantics.org/data/1859_marked/Klassen/IX>","<http://www.data2semantics.org/data/1889_marked/Klassen/IX>"
"415","<http://www.data2semantics.org/data/1859_marked/Klassen/V>","<http://www.data2semantics.org/data/1889_marked/Klassen/VI>"
"416","<http://www.data2semantics.org/data/1859_marked/Klassen/VI>","<http://www.data2semantics.org/data/1889_marked/Klassen/VI>"
"417","<http://www.data2semantics.org/data/1859_marked/Klassen/VII>","<http://www.data2semantics.org/data/1889_marked/Klassen/VII>"
"418","<http://www.data2semantics.org/data/1859_marked/Klassen/VIII>","<http://www.data2semantics.org/data/1889_marked/Klassen/VIII>"
"419","<http://www.data2semantics.org/data/1859_marked/Klassen/X>","<http://www.data2semantics.org/data/1889_marked/Klassen/XI>"
"420","<http://www.data2semantics.org/data/1859_marked/Klassen/XI>","<http://www.data2semantics.org/data/1889_marked/Klassen/XI>"
"421","<http://www.data2semantics.org/data/1859_marked/Klassen/XII>","<http://www.data2semantics.org/data/1889_marked/Klassen/XII>"
"422","<http://www.data2semantics.org/data/1859_marked/Klassen/XIII>","<http://www.data2semantics.org/data/1889_marked/Klassen/XIII>"
"423","<http://www.data2semantics.org/data/1859_marked/Klassen/XIV>","<http://www.data2semantics.org/data/1889_marked/Klassen/XIV>"
"424","<http://www.data2semantics.org/data/1859_marked/Klassen/XIX>","<http://www.data2semantics.org/data/1889_marked/Klassen/XIX>"
"425","<http://www.data2semantics.org/data/1859_marked/Klassen/XV>","<http://www.data2semantics.org/data/1889_marked/Klassen/XV>"
"426","<http://www.data2semantics.org/data/1859_marked/Klassen/XVI>","<http://www.data2semantics.org/data/1889_marked/Klassen/XVI>"
"427","<http://www.data2semantics.org/data/1859_marked/Klassen/XVII>","<http://www.data2semantics.org/data/1889_marked/Klassen/XVII>"
"428","<http://www.data2semantics.org/data/1859_marked/Klassen/XVIII>","<http://www.data2semantics.org/data/1889_marked/Klassen/XVIII>"
"429","<http://www.data2semantics.org/data/1859_marked/Klassen/XX>","<http://www.data2semantics.org/data/1889_marked/Klassen/XX>"
"430","<http://www.data2semantics.org/data/1859_marked/Klassen/XXI>","<http://www.data2semantics.org/data/1889_marked/Klassen/XXI>"
"431","<http://www.data2semantics.org/data/1859_marked/Klassen/XXII>","<http://www.data2semantics.org/data/1889_marked/Klassen/XXII>"
"432","<http://www.data2semantics.org/data/1859_marked/Klassen/XXIII>","<http://www.data2semantics.org/data/1889_marked/Klassen/XXIII>"
"433","<http://www.data2semantics.org/data/1859_marked/Klassen/XXIV>","<http://www.data2semantics.org/data/1889_marked/Klassen/XXIV>"
"434","<http://www.data2semantics.org/data/1859_marked/Klassen/XXIX>","<http://www.data2semantics.org/data/1889_marked/Klassen/XXIX>"
"435","<http://www.data2semantics.org/data/1859_marked/Klassen/XXV>","<http://www.data2semantics.org/data/1889_marked/Klassen/XXV>"
"436","<http://www.data2semantics.org/data/1859_marked/Klassen/XXVI>","<http://www.data2semantics.org/data/1889_marked/Klassen/XXVI>"
"437","<http://www.data2semantics.org/data/1859_marked/Klassen/XXVII>","<http://www.data2semantics.org/data/1889_marked/Klassen/XXVII>"
"438","<http://www.data2semantics.org/data/1859_marked/Klassen/XXVIII>","<http://www.data2semantics.org/data/1889_marked/Klassen/XXVIII>"
"439","<http://www.data2semantics.org/data/1859_marked/Klassen/XXX>","<http://www.data2semantics.org/data/1889_marked/Klassen/XXX>"
"440","<http://www.data2semantics.org/data/1859_marked/Klassen/XXXI>","<http://www.data2semantics.org/data/1889_marked/Klassen/XXXI>"
