parent,child
http://www.data2semantics.org/data/1859_marked/Beroepen/XI,http://www.data2semantics.org/data/1859_marked/Beroepen/XI/IJzer-_en_koperdraaiers
http://www.data2semantics.org/data/1859_marked/Beroepen/XI,http://www.data2semantics.org/data/1859_marked/Beroepen/XI/Scheepszeilnaaldenmakers
http://www.data2semantics.org/data/1859_marked/Beroepen/XI,http://www.data2semantics.org/data/1859_marked/Beroepen/XI/Geschutgieters__geweermakers
http://www.data2semantics.org/data/1859_marked/Beroepen/XI,http://www.data2semantics.org/data/1859_marked/Beroepen/XI/Zwaardvegers
http://www.data2semantics.org/data/1859_marked/Beroepen/XI,http://www.data2semantics.org/data/1859_marked/Beroepen/XI/Spijkermakers
http://www.data2semantics.org/data/1859_marked/Beroepen/XI,http://www.data2semantics.org/data/1859_marked/Beroepen/XI/IJzergieters
http://www.data2semantics.org/data/1859_marked/Beroepen/XI,http://www.data2semantics.org/data/1859_marked/Beroepen/XI/Stangenmakers
http://www.data2semantics.org/data/1859_marked/Beroepen/XI,http://www.data2semantics.org/data/1859_marked/Beroepen/XI/Koper-_en_geelgieters
http://www.data2semantics.org/data/1859_marked/Beroepen/XI,http://www.data2semantics.org/data/1859_marked/Beroepen/XI/Messenmakers_en_slijpers
http://www.data2semantics.org/data/1859_marked/Beroepen/XI,http://www.data2semantics.org/data/1859_marked/Beroepen/XI/Brandspuitmakers
http://www.data2semantics.org/data/1859_marked/Beroepen/XI,http://www.data2semantics.org/data/1859_marked/Beroepen/XI/Speldenfabrikanten_en_werklieden
http://www.data2semantics.org/data/1859_marked/Beroepen/XI,http://www.data2semantics.org/data/1859_marked/Beroepen/XI/Werktuigkundigen_en_makers
http://www.data2semantics.org/data/1859_marked/Beroepen/XI,http://www.data2semantics.org/data/1859_marked/Beroepen/XI/Lettergieters
http://www.data2semantics.org/data/1859_marked/Beroepen/XI,http://www.data2semantics.org/data/1859_marked/Beroepen/XI/Smeden__hoef-__kachel-_en_andere_
http://www.data2semantics.org/data/1859_marked/Beroepen/XI,http://www.data2semantics.org/data/1859_marked/Beroepen/XI/Jachthagelgieters
http://www.data2semantics.org/data/1859_marked/Beroepen,http://www.data2semantics.org/data/1859_marked/Beroepen/XI
http://www.data2semantics.org/data/1859_marked/Beroepen,http://www.data2semantics.org/data/1859_marked/Beroepen/IV
http://www.data2semantics.org/data/1859_marked/Beroepen,http://www.data2semantics.org/data/1859_marked/Beroepen/XV
http://www.data2semantics.org/data/1859_marked/Beroepen,http://www.data2semantics.org/data/1859_marked/Beroepen/X
http://www.data2semantics.org/data/1859_marked/Beroepen,http://www.data2semantics.org/data/1859_marked/Beroepen/XXVII
http://www.data2semantics.org/data/1859_marked/Beroepen,http://www.data2semantics.org/data/1859_marked/Beroepen/IX
http://www.data2semantics.org/data/1859_marked/Beroepen,http://www.data2semantics.org/data/1859_marked/Beroepen/XXIV
http://www.data2semantics.org/data/1859_marked/Beroepen,http://www.data2semantics.org/data/1859_marked/Beroepen/XIV
http://www.data2semantics.org/data/1859_marked/Beroepen,http://www.data2semantics.org/data/1859_marked/Beroepen/VIII
http://www.data2semantics.org/data/1859_marked/Beroepen,http://www.data2semantics.org/data/1859_marked/Beroepen/XXIX
http://www.data2semantics.org/data/1859_marked/Beroepen,http://www.data2semantics.org/data/1859_marked/Beroepen/III
http://www.data2semantics.org/data/1859_marked/Beroepen,http://www.data2semantics.org/data/1859_marked/Beroepen/XVII
http://www.data2semantics.org/data/1859_marked/Beroepen,http://www.data2semantics.org/data/1859_marked/Beroepen/V
http://www.data2semantics.org/data/1859_marked/Beroepen,http://www.data2semantics.org/data/1859_marked/Beroepen/XXV
http://www.data2semantics.org/data/1859_marked/Beroepen,http://www.data2semantics.org/data/1859_marked/Beroepen/XXI
http://www.data2semantics.org/data/1859_marked/Beroepen,http://www.data2semantics.org/data/1859_marked/Beroepen/XIII
http://www.data2semantics.org/data/1859_marked/Beroepen,http://www.data2semantics.org/data/1859_marked/Beroepen/XIX
http://www.data2semantics.org/data/1859_marked/Beroepen,http://www.data2semantics.org/data/1859_marked/Beroepen/I
http://www.data2semantics.org/data/1859_marked/Beroepen,http://www.data2semantics.org/data/1859_marked/Beroepen/XXX
http://www.data2semantics.org/data/1859_marked/Beroepen,http://www.data2semantics.org/data/1859_marked/Beroepen/VI
http://www.data2semantics.org/data/1859_marked/Beroepen,http://www.data2semantics.org/data/1859_marked/Beroepen/XII
http://www.data2semantics.org/data/1859_marked/Beroepen,http://www.data2semantics.org/data/1859_marked/Beroepen/VII
http://www.data2semantics.org/data/1859_marked/Beroepen,http://www.data2semantics.org/data/1859_marked/Beroepen/XX
http://www.data2semantics.org/data/1859_marked/Beroepen,http://www.data2semantics.org/data/1859_marked/Beroepen/XVIII
http://www.data2semantics.org/data/1859_marked/Beroepen,http://www.data2semantics.org/data/1859_marked/Beroepen/XXIII
http://www.data2semantics.org/data/1859_marked/Beroepen,http://www.data2semantics.org/data/1859_marked/Beroepen/XXVIII
http://www.data2semantics.org/data/1859_marked/Beroepen,http://www.data2semantics.org/data/1859_marked/Beroepen/XXVI
http://www.data2semantics.org/data/1859_marked/Beroepen,http://www.data2semantics.org/data/1859_marked/Beroepen/XXII
http://www.data2semantics.org/data/1859_marked/Beroepen,http://www.data2semantics.org/data/1859_marked/Beroepen/XVI
http://www.data2semantics.org/data/1859_marked/Beroepen,http://www.data2semantics.org/data/1859_marked/Beroepen/II
http://www.data2semantics.org/data/1859_marked/Klassen,http://www.data2semantics.org/data/1859_marked/Klassen/XX
http://www.data2semantics.org/data/1859_marked/Klassen,http://www.data2semantics.org/data/1859_marked/Klassen/XII
http://www.data2semantics.org/data/1859_marked/Klassen,http://www.data2semantics.org/data/1859_marked/Klassen/XXV
http://www.data2semantics.org/data/1859_marked/Klassen,http://www.data2semantics.org/data/1859_marked/Klassen/XXIX
http://www.data2semantics.org/data/1859_marked/Klassen,http://www.data2semantics.org/data/1859_marked/Klassen/VII
http://www.data2semantics.org/data/1859_marked/Klassen,http://www.data2semantics.org/data/1859_marked/Klassen/V
http://www.data2semantics.org/data/1859_marked/Klassen,http://www.data2semantics.org/data/1859_marked/Klassen/XXVIII
http://www.data2semantics.org/data/1859_marked/Klassen,http://www.data2semantics.org/data/1859_marked/Klassen/XI
http://www.data2semantics.org/data/1859_marked/Klassen,http://www.data2semantics.org/data/1859_marked/Klassen/IV
http://www.data2semantics.org/data/1859_marked/Klassen,http://www.data2semantics.org/data/1859_marked/Klassen/XXII
http://www.data2semantics.org/data/1859_marked/Klassen,http://www.data2semantics.org/data/1859_marked/Klassen/I
http://www.data2semantics.org/data/1859_marked/Klassen,http://www.data2semantics.org/data/1859_marked/Klassen/XXVI
http://www.data2semantics.org/data/1859_marked/Klassen,http://www.data2semantics.org/data/1859_marked/Klassen/XXIV
http://www.data2semantics.org/data/1859_marked/Klassen,http://www.data2semantics.org/data/1859_marked/Klassen/VI
http://www.data2semantics.org/data/1859_marked/Klassen,http://www.data2semantics.org/data/1859_marked/Klassen/XIX
http://www.data2semantics.org/data/1859_marked/Klassen,http://www.data2semantics.org/data/1859_marked/Klassen/XXVII
http://www.data2semantics.org/data/1859_marked/Klassen,http://www.data2semantics.org/data/1859_marked/Klassen/XIII
http://www.data2semantics.org/data/1859_marked/Klassen,http://www.data2semantics.org/data/1859_marked/Klassen/XV
http://www.data2semantics.org/data/1859_marked/Klassen,http://www.data2semantics.org/data/1859_marked/Klassen/X
http://www.data2semantics.org/data/1859_marked/Klassen,http://www.data2semantics.org/data/1859_marked/Klassen/XXIII
http://www.data2semantics.org/data/1859_marked/Klassen,http://www.data2semantics.org/data/1859_marked/Klassen/XXXI
http://www.data2semantics.org/data/1859_marked/Klassen,http://www.data2semantics.org/data/1859_marked/Klassen/XVI
http://www.data2semantics.org/data/1859_marked/Klassen,http://www.data2semantics.org/data/1859_marked/Klassen/VIII
http://www.data2semantics.org/data/1859_marked/Klassen,http://www.data2semantics.org/data/1859_marked/Klassen/XVIII
http://www.data2semantics.org/data/1859_marked/Klassen,http://www.data2semantics.org/data/1859_marked/Klassen/III
http://www.data2semantics.org/data/1859_marked/Klassen,http://www.data2semantics.org/data/1859_marked/Klassen/XIV
http://www.data2semantics.org/data/1859_marked/Klassen,http://www.data2semantics.org/data/1859_marked/Klassen/XXX
http://www.data2semantics.org/data/1859_marked/Klassen,http://www.data2semantics.org/data/1859_marked/Klassen/XVII
http://www.data2semantics.org/data/1859_marked/Klassen,http://www.data2semantics.org/data/1859_marked/Klassen/IX
http://www.data2semantics.org/data/1859_marked/Klassen,http://www.data2semantics.org/data/1859_marked/Klassen/XXI
http://www.data2semantics.org/data/1859_marked/Klassen,http://www.data2semantics.org/data/1859_marked/Klassen/II
http://www.data2semantics.org/data/1859_marked/Beroepen/IV,http://www.data2semantics.org/data/1859_marked/Beroepen/IV/Modemakers_en_bloemenmakers
http://www.data2semantics.org/data/1859_marked/Beroepen/IV,http://www.data2semantics.org/data/1859_marked/Beroepen/IV/Breuk-_en_draagbanden-__keurslijfmakers
http://www.data2semantics.org/data/1859_marked/Beroepen/IV,http://www.data2semantics.org/data/1859_marked/Beroepen/IV/Haarwerkers
http://www.data2semantics.org/data/1859_marked/Beroepen/IV,http://www.data2semantics.org/data/1859_marked/Beroepen/IV/Stoffenververs_en_glanzers
http://www.data2semantics.org/data/1859_marked/Beroepen/IV,http://www.data2semantics.org/data/1859_marked/Beroepen/IV/Knopenmakers
http://www.data2semantics.org/data/1859_marked/Beroepen/IV,http://www.data2semantics.org/data/1859_marked/Beroepen/IV/Bontwerkers
http://www.data2semantics.org/data/1859_marked/Beroepen/IV,http://www.data2semantics.org/data/1859_marked/Beroepen/IV/Mangelvrouwen
http://www.data2semantics.org/data/1859_marked/Beroepen/IV,http://www.data2semantics.org/data/1859_marked/Beroepen/IV/Haarkammenmakers
http://www.data2semantics.org/data/1859_marked/Beroepen/IV,http://www.data2semantics.org/data/1859_marked/Beroepen/IV/Regenschermmakers
http://www.data2semantics.org/data/1859_marked/Beroepen/IV,http://www.data2semantics.org/data/1859_marked/Beroepen/IV/Naaisters__breisters__strijksters__wasvrouwen__werksters
http://www.data2semantics.org/data/1859_marked/Beroepen/IV,http://www.data2semantics.org/data/1859_marked/Beroepen/IV/Blekers
http://www.data2semantics.org/data/1859_marked/Beroepen/IV,http://www.data2semantics.org/data/1859_marked/Beroepen/IV/Brillenslijpers_en_verkopers
http://www.data2semantics.org/data/1859_marked/Beroepen/IV,http://www.data2semantics.org/data/1859_marked/Beroepen/IV/Badstoofhouders
http://www.data2semantics.org/data/1859_marked/Beroepen/IV,http://www.data2semantics.org/data/1859_marked/Beroepen/IV/Hoeden-__petten-_en_stroohoedenmakers
http://www.data2semantics.org/data/1859_marked/Beroepen/IV,http://www.data2semantics.org/data/1859_marked/Beroepen/IV/Baardscheerders__kappers_en_pruikenmakers
http://www.data2semantics.org/data/1859_marked/Beroepen/IV,http://www.data2semantics.org/data/1859_marked/Beroepen/IV/Kledermakers
http://www.data2semantics.org/data/1859_marked/Beroepen/XV,http://www.data2semantics.org/data/1859_marked/Beroepen/XV/Visverkopers
http://www.data2semantics.org/data/1859_marked/Beroepen/XV,http://www.data2semantics.org/data/1859_marked/Beroepen/XV/Wijnhandelaren
http://www.data2semantics.org/data/1859_marked/Beroepen/XV,http://www.data2semantics.org/data/1859_marked/Beroepen/XV/Kroeghouders__tappers
http://www.data2semantics.org/data/1859_marked/Beroepen/XV,http://www.data2semantics.org/data/1859_marked/Beroepen/XV/Zaadverkopers
http://www.data2semantics.org/data/1859_marked/Beroepen/XV,http://www.data2semantics.org/data/1859_marked/Beroepen/XV/Grossiers_en_slijters
http://www.data2semantics.org/data/1859_marked/Beroepen/XV,http://www.data2semantics.org/data/1859_marked/Beroepen/XV/Korenverschieters
http://www.data2semantics.org/data/1859_marked/Beroepen/XV,http://www.data2semantics.org/data/1859_marked/Beroepen/XV/Graanhandelaars
http://www.data2semantics.org/data/1859_marked/Beroepen/XV,http://www.data2semantics.org/data/1859_marked/Beroepen/XV/Broodslijters
http://www.data2semantics.org/data/1859_marked/Beroepen/XV,http://www.data2semantics.org/data/1859_marked/Beroepen/XV/Herbergiers-__kasteleins-_en_koffiehuishouders
http://www.data2semantics.org/data/1859_marked/Beroepen/XV,http://www.data2semantics.org/data/1859_marked/Beroepen/XV/Gaarkeukenhouders
http://www.data2semantics.org/data/1859_marked/Beroepen/XV,http://www.data2semantics.org/data/1859_marked/Beroepen/XV/Gistverkopers
http://www.data2semantics.org/data/1859_marked/Beroepen/X,http://www.data2semantics.org/data/1859_marked/Beroepen/X/Zeepzieders
http://www.data2semantics.org/data/1859_marked/Beroepen/X,http://www.data2semantics.org/data/1859_marked/Beroepen/X/Gazfabrikanten
http://www.data2semantics.org/data/1859_marked/Beroepen/X,http://www.data2semantics.org/data/1859_marked/Beroepen/X/Fabrikanten_van_friesch-groen
http://www.data2semantics.org/data/1859_marked/Beroepen/X,http://www.data2semantics.org/data/1859_marked/Beroepen/X/Inktfabrikanten
http://www.data2semantics.org/data/1859_marked/Beroepen/X,http://www.data2semantics.org/data/1859_marked/Beroepen/X/Loogstokers
http://www.data2semantics.org/data/1859_marked/Beroepen/X,http://www.data2semantics.org/data/1859_marked/Beroepen/X/Zwavelstokkenmakers_en_verkopers
http://www.data2semantics.org/data/1859_marked/Beroepen/X,http://www.data2semantics.org/data/1859_marked/Beroepen/X/Aluinfabrikanten
http://www.data2semantics.org/data/1859_marked/Beroepen/X,http://www.data2semantics.org/data/1859_marked/Beroepen/X/Kruidfabrikanten_en_vuurwerkmakers
http://www.data2semantics.org/data/1859_marked/Beroepen/X,http://www.data2semantics.org/data/1859_marked/Beroepen/X/Loodwitmakers
http://www.data2semantics.org/data/1859_marked/Beroepen/X,http://www.data2semantics.org/data/1859_marked/Beroepen/X/Beenzwartfabrikanten
http://www.data2semantics.org/data/1859_marked/Beroepen/X,http://www.data2semantics.org/data/1859_marked/Beroepen/X/Fabrikanten_van_verfwaren
http://www.data2semantics.org/data/1859_marked/Beroepen/X,http://www.data2semantics.org/data/1859_marked/Beroepen/X/Meekrapbereiders__droogers
http://www.data2semantics.org/data/1859_marked/Beroepen/X,http://www.data2semantics.org/data/1859_marked/Beroepen/X/Scheikundige_voortbrengselen__fabrikanten_in___verfverkopers
http://www.data2semantics.org/data/1859_marked/Beroepen/X,http://www.data2semantics.org/data/1859_marked/Beroepen/X/Zwavelmakers
http://www.data2semantics.org/data/1859_marked/Beroepen/X,http://www.data2semantics.org/data/1859_marked/Beroepen/X/Been-_en_ivoorbranders
http://www.data2semantics.org/data/1859_marked/Beroepen/X,http://www.data2semantics.org/data/1859_marked/Beroepen/X/Apothekers__drogisten_en_scheikundigen
http://www.data2semantics.org/data/1859_marked/Beroepen/XXVII,http://www.data2semantics.org/data/1859_marked/Beroepen/XXVII/Zeelieden_en_mariniers_beneden_den_rang_van_adelborst_1ste_klasse
http://www.data2semantics.org/data/1859_marked/Beroepen/XXVII,http://www.data2semantics.org/data/1859_marked/Beroepen/XXVII/Krijgslieden_van_en_boven_den_rang_van_tweeden_luitenant
http://www.data2semantics.org/data/1859_marked/Beroepen/XXVII,http://www.data2semantics.org/data/1859_marked/Beroepen/XXVII/Kadetten__adelborsten
http://www.data2semantics.org/data/1859_marked/Beroepen/XXVII,http://www.data2semantics.org/data/1859_marked/Beroepen/XXVII/Krijgslieden_beneden_den_rang_van_tweeden_luitenant
http://www.data2semantics.org/data/1859_marked/Beroepen/XXVII,http://www.data2semantics.org/data/1859_marked/Beroepen/XXVII/Veteranen
http://www.data2semantics.org/data/1859_marked/Beroepen/XXVII,http://www.data2semantics.org/data/1859_marked/Beroepen/XXVII/Zeelieden_en_mariniers_van_en_boven_den_rang_van_adelborst_1ste_klasse
http://www.data2semantics.org/data/1859_marked/Beroepen/IX,http://www.data2semantics.org/data/1859_marked/Beroepen/IX/Boekbinders
http://www.data2semantics.org/data/1859_marked/Beroepen/IX,http://www.data2semantics.org/data/1859_marked/Beroepen/IX/Linieerders
http://www.data2semantics.org/data/1859_marked/Beroepen/IX,http://www.data2semantics.org/data/1859_marked/Beroepen/IX/Bordpapier__werkers_in___dozen-_en_kaartenmakers
http://www.data2semantics.org/data/1859_marked/Beroepen/IX,http://www.data2semantics.org/data/1859_marked/Beroepen/IX/Speelkaartenfabrikanten
http://www.data2semantics.org/data/1859_marked/Beroepen/IX,http://www.data2semantics.org/data/1859_marked/Beroepen/IX/Steen-_en_plaatdrukkers
http://www.data2semantics.org/data/1859_marked/Beroepen/IX,http://www.data2semantics.org/data/1859_marked/Beroepen/IX/Boek-_en_dagbladdrukkers_en_verkopers
http://www.data2semantics.org/data/1859_marked/Beroepen/IX,http://www.data2semantics.org/data/1859_marked/Beroepen/IX/Papierfabrikanten_en_werklieden
http://www.data2semantics.org/data/1859_marked/Beroepen/XXIV,http://www.data2semantics.org/data/1859_marked/Beroepen/XXIV/Onderwijzers__onderwijzeressen__aan_zeevaartscholen
http://www.data2semantics.org/data/1859_marked/Beroepen/XXIV,http://www.data2semantics.org/data/1859_marked/Beroepen/XXIV/Kwekelingen_voor_%27t_lager_onderwijs
http://www.data2semantics.org/data/1859_marked/Beroepen/XXIV,http://www.data2semantics.org/data/1859_marked/Beroepen/XXIV/Schermmeesters
http://www.data2semantics.org/data/1859_marked/Beroepen/XXIV,http://www.data2semantics.org/data/1859_marked/Beroepen/XXIV/Onderwijzers__onderwijzeressen__aan_de_lagere_scholen
http://www.data2semantics.org/data/1859_marked/Beroepen/XXIV,http://www.data2semantics.org/data/1859_marked/Beroepen/XXIV/Taalmeesters__translateurs
http://www.data2semantics.org/data/1859_marked/Beroepen/XXIV,http://www.data2semantics.org/data/1859_marked/Beroepen/XXIV/Zeevaartscholen_te_Amsterdam_en_Groningen__leerlingen_aan_de_
http://www.data2semantics.org/data/1859_marked/Beroepen/XXIV,http://www.data2semantics.org/data/1859_marked/Beroepen/XXIV/Studenten_aan_hogescholen__athenaea__seminaries__clinische_scholen__enz_
http://www.data2semantics.org/data/1859_marked/Beroepen/XXIV,http://www.data2semantics.org/data/1859_marked/Beroepen/XXIV/Kostschoolhouders
http://www.data2semantics.org/data/1859_marked/Beroepen/XXIV,http://www.data2semantics.org/data/1859_marked/Beroepen/XXIV/Latijnsche_scholen__leerlingen_aan_
http://www.data2semantics.org/data/1859_marked/Beroepen/XXIV,http://www.data2semantics.org/data/1859_marked/Beroepen/XXIV/Hoogleeraren_aan_hogescholen__seminaries_enz_
http://www.data2semantics.org/data/1859_marked/Beroepen/XXIV,http://www.data2semantics.org/data/1859_marked/Beroepen/XXIV/Waterbouwkundige_leerlingen
http://www.data2semantics.org/data/1859_marked/Beroepen/XXIV,http://www.data2semantics.org/data/1859_marked/Beroepen/XXIV/Huisopvoeders
http://www.data2semantics.org/data/1859_marked/Beroepen/XXIV,http://www.data2semantics.org/data/1859_marked/Beroepen/XXIV/Onderwijzers__onderwijzeressen__hulp-
http://www.data2semantics.org/data/1859_marked/Beroepen/XXIV,http://www.data2semantics.org/data/1859_marked/Beroepen/XXIV/Landbouw-_en_landhuishoudkundige_scholen__leerlingen_aan_
http://www.data2semantics.org/data/1859_marked/Beroepen/XXIV,http://www.data2semantics.org/data/1859_marked/Beroepen/XXIV/Huisleerlingen
http://www.data2semantics.org/data/1859_marked/Beroepen/XXIV,http://www.data2semantics.org/data/1859_marked/Beroepen/XXIV/Onderwijzers__onderwijzeressen__aan_Latijnsche_scholen
http://www.data2semantics.org/data/1859_marked/Beroepen/XXIV,http://www.data2semantics.org/data/1859_marked/Beroepen/XXIV/Schoolleerlingen
http://www.data2semantics.org/data/1859_marked/Beroepen/XXIV,http://www.data2semantics.org/data/1859_marked/Beroepen/XXIV/Onderwijzers__onderwijzeressen__aan_landbouw-_en_landhuishoudkundige_scholen
http://www.data2semantics.org/data/1859_marked/Beroepen/XIV,http://www.data2semantics.org/data/1859_marked/Beroepen/XIV/Pijpenmakers_en_knechts
http://www.data2semantics.org/data/1859_marked/Beroepen/XIV,http://www.data2semantics.org/data/1859_marked/Beroepen/XIV/Olieslagers
http://www.data2semantics.org/data/1859_marked/Beroepen/XIV,http://www.data2semantics.org/data/1859_marked/Beroepen/XIV/Pek-_en_teerstokers
http://www.data2semantics.org/data/1859_marked/Beroepen/XIV,http://www.data2semantics.org/data/1859_marked/Beroepen/XIV/Tabak-_en_sigaren-_kervers__knechts
http://www.data2semantics.org/data/1859_marked/Beroepen/XIV,http://www.data2semantics.org/data/1859_marked/Beroepen/XIV/Bijenkorvenmakers
http://www.data2semantics.org/data/1859_marked/Beroepen/XIV,http://www.data2semantics.org/data/1859_marked/Beroepen/XIV/Traanstokers
http://www.data2semantics.org/data/1859_marked/Beroepen/XIV,http://www.data2semantics.org/data/1859_marked/Beroepen/XIV/Pijpendoppenmakers
http://www.data2semantics.org/data/1859_marked/Beroepen/XIV,http://www.data2semantics.org/data/1859_marked/Beroepen/XIV/Tabak-_en_sigaren-_verkopers
http://www.data2semantics.org/data/1859_marked/Beroepen/XIV,http://www.data2semantics.org/data/1859_marked/Beroepen/XIV/Tabak-_en_sigaren-_fabrikanten
http://www.data2semantics.org/data/1859_marked/Beroepen/XIV,http://www.data2semantics.org/data/1859_marked/Beroepen/XIV/Kaarsenmakers__was-_en_smeer-_
http://www.data2semantics.org/data/1859_marked/Beroepen/XIV,http://www.data2semantics.org/data/1859_marked/Beroepen/XIV/Fabrikanten_van_verschillende_aard_en_werklieden
http://www.data2semantics.org/data/1859_marked/Beroepen/XIV,http://www.data2semantics.org/data/1859_marked/Beroepen/XIV/Lijmzieders
http://www.data2semantics.org/data/1859_marked/Beroepen/XIV,http://www.data2semantics.org/data/1859_marked/Beroepen/XIV/Stijfselfabrikanten
http://www.data2semantics.org/data/1859_marked/Beroepen/XIV,http://www.data2semantics.org/data/1859_marked/Beroepen/XIV/Pennenbereiders
http://www.data2semantics.org/data/1859_marked/Beroepen/XIV,http://www.data2semantics.org/data/1859_marked/Beroepen/XIV/Wasblekers
http://www.data2semantics.org/data/1859_marked/Beroepen/VIII,http://www.data2semantics.org/data/1859_marked/Beroepen/VIII/Tapijtfabrikanten_en_werklieden
http://www.data2semantics.org/data/1859_marked/Beroepen/VIII,http://www.data2semantics.org/data/1859_marked/Beroepen/VIII/Zakkenmakers
http://www.data2semantics.org/data/1859_marked/Beroepen/VIII,http://www.data2semantics.org/data/1859_marked/Beroepen/VIII/Spinners__wevers_en_spoelders
http://www.data2semantics.org/data/1859_marked/Beroepen/VIII,http://www.data2semantics.org/data/1859_marked/Beroepen/VIII/Katoendrukkers
http://www.data2semantics.org/data/1859_marked/Beroepen/VIII,http://www.data2semantics.org/data/1859_marked/Beroepen/VIII/Zijdefabrikanten
http://www.data2semantics.org/data/1859_marked/Beroepen/VIII,http://www.data2semantics.org/data/1859_marked/Beroepen/VIII/Lintwerkers
http://www.data2semantics.org/data/1859_marked/Beroepen/VIII,http://www.data2semantics.org/data/1859_marked/Beroepen/VIII/Volmolenaars
http://www.data2semantics.org/data/1859_marked/Beroepen/VIII,http://www.data2semantics.org/data/1859_marked/Beroepen/VIII/Kaarders_en_wolkammers
http://www.data2semantics.org/data/1859_marked/Beroepen/VIII,http://www.data2semantics.org/data/1859_marked/Beroepen/VIII/Nettenmakers
http://www.data2semantics.org/data/1859_marked/Beroepen/VIII,http://www.data2semantics.org/data/1859_marked/Beroepen/VIII/Garentwijnders
http://www.data2semantics.org/data/1859_marked/Beroepen/VIII,http://www.data2semantics.org/data/1859_marked/Beroepen/VIII/Kousenfabrikanten
http://www.data2semantics.org/data/1859_marked/Beroepen/VIII,http://www.data2semantics.org/data/1859_marked/Beroepen/VIII/Koordslagers_knechts
http://www.data2semantics.org/data/1859_marked/Beroepen/VIII,http://www.data2semantics.org/data/1859_marked/Beroepen/VIII/Hennep-_en_vlasbereiders
http://www.data2semantics.org/data/1859_marked/Beroepen/VIII,http://www.data2semantics.org/data/1859_marked/Beroepen/VIII/Wasdoekfabrikanten
http://www.data2semantics.org/data/1859_marked/Beroepen/VIII,http://www.data2semantics.org/data/1859_marked/Beroepen/VIII/Manufakturen_werklieden
http://www.data2semantics.org/data/1859_marked/Beroepen/VIII,http://www.data2semantics.org/data/1859_marked/Beroepen/VIII/Manufakturen_fabrikanten
http://www.data2semantics.org/data/1859_marked/Beroepen/VIII,http://www.data2semantics.org/data/1859_marked/Beroepen/VIII/Koordslagers_meesters
http://www.data2semantics.org/data/1859_marked/Beroepen/XXIX,http://www.data2semantics.org/data/1859_marked/Beroepen/XXIX/Huisbewaarders
http://www.data2semantics.org/data/1859_marked/Beroepen/XXIX,http://www.data2semantics.org/data/1859_marked/Beroepen/XXIX/Gezelschapsjuffrouwen
http://www.data2semantics.org/data/1859_marked/Beroepen/XXIX,http://www.data2semantics.org/data/1859_marked/Beroepen/XXIX/Minnen
http://www.data2semantics.org/data/1859_marked/Beroepen/XXIX,http://www.data2semantics.org/data/1859_marked/Beroepen/XXIX/Dienstboden__portiers_enz_
http://www.data2semantics.org/data/1859_marked/Beroepen/XXIX,http://www.data2semantics.org/data/1859_marked/Beroepen/XXIX/Huishoudsters
http://www.data2semantics.org/data/1859_marked/Beroepen/XXIX,http://www.data2semantics.org/data/1859_marked/Beroepen/XXIX/Bakers
http://www.data2semantics.org/data/1859_marked/Beroepen/III,http://www.data2semantics.org/data/1859_marked/Beroepen/III/Stoommeelfabrikanten
http://www.data2semantics.org/data/1859_marked/Beroepen/III,http://www.data2semantics.org/data/1859_marked/Beroepen/III/Melk-__boter-_en_kaasverkopers
http://www.data2semantics.org/data/1859_marked/Beroepen/III,http://www.data2semantics.org/data/1859_marked/Beroepen/III/Azijnstokers__kunstazijnmakers
http://www.data2semantics.org/data/1859_marked/Beroepen/III,http://www.data2semantics.org/data/1859_marked/Beroepen/III/Koren-_en_pelmolenaars
http://www.data2semantics.org/data/1859_marked/Beroepen/III,http://www.data2semantics.org/data/1859_marked/Beroepen/III/Jagers
http://www.data2semantics.org/data/1859_marked/Beroepen/III,http://www.data2semantics.org/data/1859_marked/Beroepen/III/Vissers
http://www.data2semantics.org/data/1859_marked/Beroepen/III,http://www.data2semantics.org/data/1859_marked/Beroepen/III/Chicoreifabrikanten_en_werklieden
http://www.data2semantics.org/data/1859_marked/Beroepen/III,http://www.data2semantics.org/data/1859_marked/Beroepen/III/Siroopfabrikanten
http://www.data2semantics.org/data/1859_marked/Beroepen/III,http://www.data2semantics.org/data/1859_marked/Beroepen/III/Zoutzieders
http://www.data2semantics.org/data/1859_marked/Beroepen/III,http://www.data2semantics.org/data/1859_marked/Beroepen/III/Suikerraffinadeurs
http://www.data2semantics.org/data/1859_marked/Beroepen/III,http://www.data2semantics.org/data/1859_marked/Beroepen/III/Brood-__kleingoed-__koek-_en_banketbakkers
http://www.data2semantics.org/data/1859_marked/Beroepen/III,http://www.data2semantics.org/data/1859_marked/Beroepen/III/Suiker-_en_pasteibakkers
http://www.data2semantics.org/data/1859_marked/Beroepen/III,http://www.data2semantics.org/data/1859_marked/Beroepen/III/Aardappelenmeelfabrikanten
http://www.data2semantics.org/data/1859_marked/Beroepen/III,http://www.data2semantics.org/data/1859_marked/Beroepen/III/Inleggers_van_levensbehoeften
http://www.data2semantics.org/data/1859_marked/Beroepen/III,http://www.data2semantics.org/data/1859_marked/Beroepen/III/Sagofabrikanten
http://www.data2semantics.org/data/1859_marked/Beroepen/III,http://www.data2semantics.org/data/1859_marked/Beroepen/III/Grutters-_en_kruideniers
http://www.data2semantics.org/data/1859_marked/Beroepen/III,http://www.data2semantics.org/data/1859_marked/Beroepen/III/Lijnmeelfabrikanten
http://www.data2semantics.org/data/1859_marked/Beroepen/III,http://www.data2semantics.org/data/1859_marked/Beroepen/III/Wafel-_en_poffertjesbakkers
http://www.data2semantics.org/data/1859_marked/Beroepen/III,http://www.data2semantics.org/data/1859_marked/Beroepen/III/Branders_en_stokers_van_siroop__likeuren__sterke_dranken
http://www.data2semantics.org/data/1859_marked/Beroepen/III,http://www.data2semantics.org/data/1859_marked/Beroepen/III/Poeliers
http://www.data2semantics.org/data/1859_marked/Beroepen/III,http://www.data2semantics.org/data/1859_marked/Beroepen/III/Vleeshouwers_en_spekslagers
http://www.data2semantics.org/data/1859_marked/Beroepen/III,http://www.data2semantics.org/data/1859_marked/Beroepen/III/Groenten-_en_fruitverkopers
http://www.data2semantics.org/data/1859_marked/Beroepen/III,http://www.data2semantics.org/data/1859_marked/Beroepen/III/Bierbrouwers__bierstekers
http://www.data2semantics.org/data/1859_marked/Beroepen/III,http://www.data2semantics.org/data/1859_marked/Beroepen/III/Moutmolenaars
http://www.data2semantics.org/data/1859_marked/Beroepen/III,http://www.data2semantics.org/data/1859_marked/Beroepen/III/Chocoladefabrikanten
http://www.data2semantics.org/data/1859_marked/Beroepen/III,http://www.data2semantics.org/data/1859_marked/Beroepen/III/Visdrogers_en_rokers
http://www.data2semantics.org/data/1859_marked/Beroepen/III,http://www.data2semantics.org/data/1859_marked/Beroepen/III/Mosterdmolenaars
http://www.data2semantics.org/data/1859_marked/Beroepen/XVII,http://www.data2semantics.org/data/1859_marked/Beroepen/XVII/IJzer-_en_kachelverkopers
http://www.data2semantics.org/data/1859_marked/Beroepen/XVII,http://www.data2semantics.org/data/1859_marked/Beroepen/XVII/Oudijzerverkopers
http://www.data2semantics.org/data/1859_marked/Beroepen/V,http://www.data2semantics.org/data/1859_marked/Beroepen/V/Aannemers
http://www.data2semantics.org/data/1859_marked/Beroepen/V,http://www.data2semantics.org/data/1859_marked/Beroepen/V/Steenhouwers
http://www.data2semantics.org/data/1859_marked/Beroepen/V,http://www.data2semantics.org/data/1859_marked/Beroepen/V/Dekkers__lei-__pannen-__riet-__enz__
http://www.data2semantics.org/data/1859_marked/Beroepen/V,http://www.data2semantics.org/data/1859_marked/Beroepen/V/Marmerschuurders
http://www.data2semantics.org/data/1859_marked/Beroepen/V,http://www.data2semantics.org/data/1859_marked/Beroepen/V/Stukadoors_en_witters
http://www.data2semantics.org/data/1859_marked/Beroepen/V,http://www.data2semantics.org/data/1859_marked/Beroepen/V/Schilders__huis__en_glazenmakers
http://www.data2semantics.org/data/1859_marked/Beroepen/V,http://www.data2semantics.org/data/1859_marked/Beroepen/V/Krib-_en_dijkwerkers__heibazen
http://www.data2semantics.org/data/1859_marked/Beroepen/V,http://www.data2semantics.org/data/1859_marked/Beroepen/V/Schoorsteenvegers
http://www.data2semantics.org/data/1859_marked/Beroepen/V,http://www.data2semantics.org/data/1859_marked/Beroepen/V/Kalkbranders__cement-_en_trasmakers
http://www.data2semantics.org/data/1859_marked/Beroepen/V,http://www.data2semantics.org/data/1859_marked/Beroepen/V/Potten-__pannen-__steen-_en_tegelbakkers
http://www.data2semantics.org/data/1859_marked/Beroepen/V,http://www.data2semantics.org/data/1859_marked/Beroepen/V/Scheep-__blok-_en_zeilmakers
http://www.data2semantics.org/data/1859_marked/Beroepen/V,http://www.data2semantics.org/data/1859_marked/Beroepen/V/Metselaars
http://www.data2semantics.org/data/1859_marked/Beroepen/V,http://www.data2semantics.org/data/1859_marked/Beroepen/V/Touwslagers
http://www.data2semantics.org/data/1859_marked/Beroepen/V,http://www.data2semantics.org/data/1859_marked/Beroepen/V/Mastenmakers
http://www.data2semantics.org/data/1859_marked/Beroepen/V,http://www.data2semantics.org/data/1859_marked/Beroepen/V/Bouwmeesters
http://www.data2semantics.org/data/1859_marked/Beroepen/V,http://www.data2semantics.org/data/1859_marked/Beroepen/V/Loodgieters_en_pompenmakers
http://www.data2semantics.org/data/1859_marked/Beroepen/XXV,http://www.data2semantics.org/data/1859_marked/Beroepen/XXV/Kunstkopers
http://www.data2semantics.org/data/1859_marked/Beroepen/XXV,http://www.data2semantics.org/data/1859_marked/Beroepen/XXV/Fotografen
http://www.data2semantics.org/data/1859_marked/Beroepen/XXV,http://www.data2semantics.org/data/1859_marked/Beroepen/XXV/Pleistergieters__boetseerders
http://www.data2semantics.org/data/1859_marked/Beroepen/XXV,http://www.data2semantics.org/data/1859_marked/Beroepen/XXV/Kunstoefenaren__toneelspelers__dansmeesters_en_zangers
http://www.data2semantics.org/data/1859_marked/Beroepen/XXV,http://www.data2semantics.org/data/1859_marked/Beroepen/XXV/Kunstoefenaren_muzikanten__muziekmeesters
http://www.data2semantics.org/data/1859_marked/Beroepen/XXV,http://www.data2semantics.org/data/1859_marked/Beroepen/XXV/Beeldhouwers__lofwerksnijders
http://www.data2semantics.org/data/1859_marked/Beroepen/XXV,http://www.data2semantics.org/data/1859_marked/Beroepen/XXV/Dagbladschrijvers__letterkundigen
http://www.data2semantics.org/data/1859_marked/Beroepen/XXV,http://www.data2semantics.org/data/1859_marked/Beroepen/XXV/Muziekinstrument-__orgel-__fortepianomakers_en_verkopers
http://www.data2semantics.org/data/1859_marked/Beroepen/XXV,http://www.data2semantics.org/data/1859_marked/Beroepen/XXV/Kunstoefenaren_schilders
http://www.data2semantics.org/data/1859_marked/Beroepen/XXV,http://www.data2semantics.org/data/1859_marked/Beroepen/XXV/Kunstenaars_en_goochelaars
http://www.data2semantics.org/data/1859_marked/Beroepen/XXV,http://www.data2semantics.org/data/1859_marked/Beroepen/XXV/Modelmakers
http://www.data2semantics.org/data/1859_marked/Beroepen/XXV,http://www.data2semantics.org/data/1859_marked/Beroepen/XXV/Kunstoefenaren_tekenaars__tekenmeesters__decorateurs
http://www.data2semantics.org/data/1859_marked/Beroepen/XXV,http://www.data2semantics.org/data/1859_marked/Beroepen/XXV/Rijtuigschilders
http://www.data2semantics.org/data/1859_marked/Beroepen/XXV,http://www.data2semantics.org/data/1859_marked/Beroepen/XXV/Klerken_en_schrijvers
http://www.data2semantics.org/data/1859_marked/Beroepen/XXV,http://www.data2semantics.org/data/1859_marked/Beroepen/XXV/Graveurs_op_metaal_en_steen__stempelsnijders
http://www.data2semantics.org/data/1859_marked/Beroepen/XXV,http://www.data2semantics.org/data/1859_marked/Beroepen/XXV/Landmeters
http://www.data2semantics.org/data/1859_marked/Beroepen/XXV,http://www.data2semantics.org/data/1859_marked/Beroepen/XXV/Landhuishoudkundigen
http://www.data2semantics.org/data/1859_marked/Beroepen/XXI,http://www.data2semantics.org/data/1859_marked/Beroepen/XXI/Tol-_en_pontgaarders__sluiswachters
http://www.data2semantics.org/data/1859_marked/Beroepen/XXI,http://www.data2semantics.org/data/1859_marked/Beroepen/XXI/Ambtenaren%3B_provinciale
http://www.data2semantics.org/data/1859_marked/Beroepen/XXI,http://www.data2semantics.org/data/1859_marked/Beroepen/XXI/Ambtenaren%3B_gemeente
http://www.data2semantics.org/data/1859_marked/Beroepen/XXI,http://www.data2semantics.org/data/1859_marked/Beroepen/XXI/Haven-_en_bakenmeesters
http://www.data2semantics.org/data/1859_marked/Beroepen/XXI,http://www.data2semantics.org/data/1859_marked/Beroepen/XXI/Telegrafisten
http://www.data2semantics.org/data/1859_marked/Beroepen/XXI,http://www.data2semantics.org/data/1859_marked/Beroepen/XXI/Ambtenaren%3B_rijks
http://www.data2semantics.org/data/1859_marked/Beroepen/XXI,http://www.data2semantics.org/data/1859_marked/Beroepen/XXI/Opzieners_van_openbare_werken
http://www.data2semantics.org/data/1859_marked/Beroepen/XXI,http://www.data2semantics.org/data/1859_marked/Beroepen/XXI/Opzieners_der_jacht_en_visserij
http://www.data2semantics.org/data/1859_marked/Beroepen/XXI,http://www.data2semantics.org/data/1859_marked/Beroepen/XXI/Gezanten_van_vreemde_mogendheden
http://www.data2semantics.org/data/1859_marked/Beroepen/XXI,http://www.data2semantics.org/data/1859_marked/Beroepen/XXI/Surnumerairs_bij_de_belasting__posterijen_enz_
http://www.data2semantics.org/data/1859_marked/Beroepen/XXI,http://www.data2semantics.org/data/1859_marked/Beroepen/XXI/IJkmeesters
http://www.data2semantics.org/data/1859_marked/Beroepen/XXI,http://www.data2semantics.org/data/1859_marked/Beroepen/XXI/Loodswezen__personen_bij_het_
http://www.data2semantics.org/data/1859_marked/Beroepen/XXI,http://www.data2semantics.org/data/1859_marked/Beroepen/XXI/Kustlichtwachters
http://www.data2semantics.org/data/1859_marked/Beroepen/XXI,http://www.data2semantics.org/data/1859_marked/Beroepen/XXI/Ambtenaren%3B_niet_genoemde
http://www.data2semantics.org/data/1859_marked/Beroepen/XXI,http://www.data2semantics.org/data/1859_marked/Beroepen/XXI/Strandmeesters
http://www.data2semantics.org/data/1859_marked/Beroepen/XXI,http://www.data2semantics.org/data/1859_marked/Beroepen/XXI/Omroepers__aanplakkers
http://www.data2semantics.org/data/1859_marked/Beroepen/XXI,http://www.data2semantics.org/data/1859_marked/Beroepen/XXI/Meesters__keur-__markt-__waag-___afslagers
http://www.data2semantics.org/data/1859_marked/Beroepen/XXI,http://www.data2semantics.org/data/1859_marked/Beroepen/XXI/Ingenieurs_en_verdere_ambtenaren_van_den_waterstaat
http://www.data2semantics.org/data/1859_marked/Beroepen/XXI,http://www.data2semantics.org/data/1859_marked/Beroepen/XXI/Scheepwakers
http://www.data2semantics.org/data/1859_marked/Beroepen/XXI,http://www.data2semantics.org/data/1859_marked/Beroepen/XXI/Heemraden_en_verdere_ambtenaren_bij_de_waterschappen
http://www.data2semantics.org/data/1859_marked/Beroepen/XXI,http://www.data2semantics.org/data/1859_marked/Beroepen/XXI/Opzieners__vesting-__krijgs-_en_waterstaat-_
http://www.data2semantics.org/data/1859_marked/Beroepen/XIII,http://www.data2semantics.org/data/1859_marked/Beroepen/XIII/Molenmakers
http://www.data2semantics.org/data/1859_marked/Beroepen/XIII,http://www.data2semantics.org/data/1859_marked/Beroepen/XIII/Houtvletters
http://www.data2semantics.org/data/1859_marked/Beroepen/XIII,http://www.data2semantics.org/data/1859_marked/Beroepen/XIII/Weverskammen-__spoel-_en_rietmakers
http://www.data2semantics.org/data/1859_marked/Beroepen/XIII,http://www.data2semantics.org/data/1859_marked/Beroepen/XIII/Leestenmakers
http://www.data2semantics.org/data/1859_marked/Beroepen/XIII,http://www.data2semantics.org/data/1859_marked/Beroepen/XIII/Mandenmakers
http://www.data2semantics.org/data/1859_marked/Beroepen/XIII,http://www.data2semantics.org/data/1859_marked/Beroepen/XIII/Houtzaagmolenaars__houtzagers__houtverkopers
http://www.data2semantics.org/data/1859_marked/Beroepen/XIII,http://www.data2semantics.org/data/1859_marked/Beroepen/XIII/Kuipers_en_hoepelmakers
http://www.data2semantics.org/data/1859_marked/Beroepen/XIII,http://www.data2semantics.org/data/1859_marked/Beroepen/XIII/Houtenmatenmakers
http://www.data2semantics.org/data/1859_marked/Beroepen/XIII,http://www.data2semantics.org/data/1859_marked/Beroepen/XIII/Verfhoutmolenaars
http://www.data2semantics.org/data/1859_marked/Beroepen/XIII,http://www.data2semantics.org/data/1859_marked/Beroepen/XIII/Schoppenmakers
http://www.data2semantics.org/data/1859_marked/Beroepen/XIII,http://www.data2semantics.org/data/1859_marked/Beroepen/XIII/Zeeftenmakers
http://www.data2semantics.org/data/1859_marked/Beroepen/XIII,http://www.data2semantics.org/data/1859_marked/Beroepen/XIII/Timmerlieden_en_kistenmakers
http://www.data2semantics.org/data/1859_marked/Beroepen/XIII,http://www.data2semantics.org/data/1859_marked/Beroepen/XIII/Wieldraaiers
http://www.data2semantics.org/data/1859_marked/Beroepen/XIII,http://www.data2semantics.org/data/1859_marked/Beroepen/XIII/Kolenbranders
http://www.data2semantics.org/data/1859_marked/Beroepen/XIII,http://www.data2semantics.org/data/1859_marked/Beroepen/XIII/Fineerzagers
http://www.data2semantics.org/data/1859_marked/Beroepen/XIII,http://www.data2semantics.org/data/1859_marked/Beroepen/XIII/Klompenmakers
http://www.data2semantics.org/data/1859_marked/Beroepen/XIII,http://www.data2semantics.org/data/1859_marked/Beroepen/XIII/Blok-__mast-_en_pompenmakers
http://www.data2semantics.org/data/1859_marked/Beroepen/XIII,http://www.data2semantics.org/data/1859_marked/Beroepen/XIII/Kurkensnijders
http://www.data2semantics.org/data/1859_marked/Beroepen/XIII,http://www.data2semantics.org/data/1859_marked/Beroepen/XIII/Bezembinders__rietboeren__rijswerkers
http://www.data2semantics.org/data/1859_marked/Beroepen/XIII,http://www.data2semantics.org/data/1859_marked/Beroepen/XIII/Run-_en_schorsmolenaars
http://www.data2semantics.org/data/1859_marked/Beroepen/XIX,http://www.data2semantics.org/data/1859_marked/Beroepen/XIX/Schippers__loodsen__matrozen__koopvaardij-___schuitenverhuurders_enz_
http://www.data2semantics.org/data/1859_marked/Beroepen/XIX,http://www.data2semantics.org/data/1859_marked/Beroepen/XIX/Handelsreizigers
http://www.data2semantics.org/data/1859_marked/Beroepen/XIX,http://www.data2semantics.org/data/1859_marked/Beroepen/XIX/Stalhouders__rijtuigenverhuurders
http://www.data2semantics.org/data/1859_marked/Beroepen/XIX,http://www.data2semantics.org/data/1859_marked/Beroepen/XIX/Kruiers_en_sjouwers
http://www.data2semantics.org/data/1859_marked/Beroepen/XIX,http://www.data2semantics.org/data/1859_marked/Beroepen/XIX/Turf-__kolen-_en_korendragers
http://www.data2semantics.org/data/1859_marked/Beroepen/XIX,http://www.data2semantics.org/data/1859_marked/Beroepen/XIX/Spoorweg-_en_stoombootbeambten
http://www.data2semantics.org/data/1859_marked/Beroepen/XIX,http://www.data2semantics.org/data/1859_marked/Beroepen/XIX/Opzichters_en_conducteurs
http://www.data2semantics.org/data/1859_marked/Beroepen/XIX,http://www.data2semantics.org/data/1859_marked/Beroepen/XIX/Scheepsjagers
http://www.data2semantics.org/data/1859_marked/Beroepen/XIX,http://www.data2semantics.org/data/1859_marked/Beroepen/XIX/Dagbladrondbrengers
http://www.data2semantics.org/data/1859_marked/Beroepen/XIX,http://www.data2semantics.org/data/1859_marked/Beroepen/XIX/Voerlieden__koetsiers__lopers__postknechten
http://www.data2semantics.org/data/1859_marked/Beroepen/XIX,http://www.data2semantics.org/data/1859_marked/Beroepen/XIX/Wijndragers_of_kraankinderen
http://www.data2semantics.org/data/1859_marked/Beroepen/XIX,http://www.data2semantics.org/data/1859_marked/Beroepen/XIX/Bestellers__expediteurs__factoors__voetboden
http://www.data2semantics.org/data/1859_marked/Beroepen/XIX,http://www.data2semantics.org/data/1859_marked/Beroepen/XIX/Waagdragers
http://www.data2semantics.org/data/1859_marked/Beroepen/XIX,http://www.data2semantics.org/data/1859_marked/Beroepen/XIX/Ondernemers_van_publieke_wagens_en_verdere_middelen_van_vervoer
http://www.data2semantics.org/data/1859_marked/Beroepen/I,http://www.data2semantics.org/data/1859_marked/Beroepen/I/Eendenkooihouders
http://www.data2semantics.org/data/1859_marked/Beroepen/I,http://www.data2semantics.org/data/1859_marked/Beroepen/I/Bijenhouders
http://www.data2semantics.org/data/1859_marked/Beroepen/I,http://www.data2semantics.org/data/1859_marked/Beroepen/I/Herders__hengstenhouders_en_veehoeders
http://www.data2semantics.org/data/1859_marked/Beroepen/I,http://www.data2semantics.org/data/1859_marked/Beroepen/I/Heetmaaijers
http://www.data2semantics.org/data/1859_marked/Beroepen/I,http://www.data2semantics.org/data/1859_marked/Beroepen/I/Houthakkers
http://www.data2semantics.org/data/1859_marked/Beroepen/I,http://www.data2semantics.org/data/1859_marked/Beroepen/I/Veehouders-__paarden-_en_veeverkoopers
http://www.data2semantics.org/data/1859_marked/Beroepen/I,http://www.data2semantics.org/data/1859_marked/Beroepen/I/Hengstensnijders
http://www.data2semantics.org/data/1859_marked/Beroepen/I,http://www.data2semantics.org/data/1859_marked/Beroepen/I/Fabrikanten_van_kunstmest
http://www.data2semantics.org/data/1859_marked/Beroepen/I,http://www.data2semantics.org/data/1859_marked/Beroepen/I/Tabaksplanters
http://www.data2semantics.org/data/1859_marked/Beroepen/I,http://www.data2semantics.org/data/1859_marked/Beroepen/I/Landbouwers
http://www.data2semantics.org/data/1859_marked/Beroepen/I,http://www.data2semantics.org/data/1859_marked/Beroepen/I/Bloemisten__boomkweekers__tuiniers__warmoezeniers
http://www.data2semantics.org/data/1859_marked/Beroepen/XXX,http://www.data2semantics.org/data/1859_marked/Beroepen/XXX/Nachtwerkers
http://www.data2semantics.org/data/1859_marked/Beroepen/XXX,http://www.data2semantics.org/data/1859_marked/Beroepen/XXX/Gasfitters
http://www.data2semantics.org/data/1859_marked/Beroepen/XXX,http://www.data2semantics.org/data/1859_marked/Beroepen/XXX/Publieke_vrouwen
http://www.data2semantics.org/data/1859_marked/Beroepen/XXX,http://www.data2semantics.org/data/1859_marked/Beroepen/XXX/Lantaarnopstekers
http://www.data2semantics.org/data/1859_marked/Beroepen/XXX,http://www.data2semantics.org/data/1859_marked/Beroepen/XXX/Wekkers
http://www.data2semantics.org/data/1859_marked/Beroepen/XXX,http://www.data2semantics.org/data/1859_marked/Beroepen/XXX/Klokkenisten
http://www.data2semantics.org/data/1859_marked/Beroepen/XXX,http://www.data2semantics.org/data/1859_marked/Beroepen/XXX/Watermolenaars
http://www.data2semantics.org/data/1859_marked/Beroepen/XXX,http://www.data2semantics.org/data/1859_marked/Beroepen/XXX/Besteders
http://www.data2semantics.org/data/1859_marked/Beroepen/XXX,http://www.data2semantics.org/data/1859_marked/Beroepen/XXX/Doodgravers_en_bedienaars_van_begrafenissen
http://www.data2semantics.org/data/1859_marked/Beroepen/XXX,http://www.data2semantics.org/data/1859_marked/Beroepen/XXX/Straatmakers
http://www.data2semantics.org/data/1859_marked/Beroepen/XXX,http://www.data2semantics.org/data/1859_marked/Beroepen/XXX/Pikeurs__paardrijders
http://www.data2semantics.org/data/1859_marked/Beroepen/XXX,http://www.data2semantics.org/data/1859_marked/Beroepen/XXX/Vogelvangers
http://www.data2semantics.org/data/1859_marked/Beroepen/XXX,http://www.data2semantics.org/data/1859_marked/Beroepen/XXX/Villers
http://www.data2semantics.org/data/1859_marked/Beroepen/XXX,http://www.data2semantics.org/data/1859_marked/Beroepen/XXX/Kruidenzoekers
http://www.data2semantics.org/data/1859_marked/Beroepen/XXX,http://www.data2semantics.org/data/1859_marked/Beroepen/XXX/Opzichters_en_stokers_van_stoomwerktuigen
http://www.data2semantics.org/data/1859_marked/Beroepen/XXX,http://www.data2semantics.org/data/1859_marked/Beroepen/XXX/Rentmeesters
http://www.data2semantics.org/data/1859_marked/Beroepen/XXX,http://www.data2semantics.org/data/1859_marked/Beroepen/XXX/Orgeldraaiers_en_straatmuzikanten
http://www.data2semantics.org/data/1859_marked/Beroepen/XXX,http://www.data2semantics.org/data/1859_marked/Beroepen/XXX/As-__bagger-_en_vuilnislieden
http://www.data2semantics.org/data/1859_marked/Beroepen/XXX,http://www.data2semantics.org/data/1859_marked/Beroepen/XXX/Stellingverhuurders
http://www.data2semantics.org/data/1859_marked/Beroepen/XXX,http://www.data2semantics.org/data/1859_marked/Beroepen/XXX/Arbeiders__dagloners
http://www.data2semantics.org/data/1859_marked/Beroepen/XXX,http://www.data2semantics.org/data/1859_marked/Beroepen/XXX/Publiekhuishouders
http://www.data2semantics.org/data/1859_marked/Beroepen/VI,http://www.data2semantics.org/data/1859_marked/Beroepen/VI/Kunstlakkers
http://www.data2semantics.org/data/1859_marked/Beroepen/VI,http://www.data2semantics.org/data/1859_marked/Beroepen/VI/Borstelmakers
http://www.data2semantics.org/data/1859_marked/Beroepen/VI,http://www.data2semantics.org/data/1859_marked/Beroepen/VI/Vergulders_en_lijstenmakers
http://www.data2semantics.org/data/1859_marked/Beroepen/VI,http://www.data2semantics.org/data/1859_marked/Beroepen/VI/Schaarslijpers
http://www.data2semantics.org/data/1859_marked/Beroepen/VI,http://www.data2semantics.org/data/1859_marked/Beroepen/VI/Uurwerkmakers
http://www.data2semantics.org/data/1859_marked/Beroepen/VI,http://www.data2semantics.org/data/1859_marked/Beroepen/VI/Spiegelmakers_en_verkopers
http://www.data2semantics.org/data/1859_marked/Beroepen/VI,http://www.data2semantics.org/data/1859_marked/Beroepen/VI/Bedden-_en_matrassenmakers__behangers_en_stoffeerders
http://www.data2semantics.org/data/1859_marked/Beroepen/VI,http://www.data2semantics.org/data/1859_marked/Beroepen/VI/Tingieters
http://www.data2semantics.org/data/1859_marked/Beroepen/VI,http://www.data2semantics.org/data/1859_marked/Beroepen/VI/Krammers
http://www.data2semantics.org/data/1859_marked/Beroepen/VI,http://www.data2semantics.org/data/1859_marked/Beroepen/VI/Stoelenbekleders__draaiers__makers__matters
http://www.data2semantics.org/data/1859_marked/Beroepen/VI,http://www.data2semantics.org/data/1859_marked/Beroepen/VI/Blikwerkers_en_lampenmakers
http://www.data2semantics.org/data/1859_marked/Beroepen/VI,http://www.data2semantics.org/data/1859_marked/Beroepen/VI/Kunstwerkers
http://www.data2semantics.org/data/1859_marked/Beroepen/VI,http://www.data2semantics.org/data/1859_marked/Beroepen/VI/Mattenmakers
http://www.data2semantics.org/data/1859_marked/Beroepen/VI,http://www.data2semantics.org/data/1859_marked/Beroepen/VI/Glasblazers
http://www.data2semantics.org/data/1859_marked/Beroepen/VI,http://www.data2semantics.org/data/1859_marked/Beroepen/VI/Kabinet-_en_schrijnwerkers__kunstdraaiers
http://www.data2semantics.org/data/1859_marked/Beroepen/VI,http://www.data2semantics.org/data/1859_marked/Beroepen/VI/Aardewerk-_en_porceleinfabrikanten_en_werklieden
http://www.data2semantics.org/data/1859_marked/Beroepen/VI,http://www.data2semantics.org/data/1859_marked/Beroepen/VI/Koper-_en_blikslagers__draadvlechters
http://www.data2semantics.org/data/1859_marked/Beroepen/VI,http://www.data2semantics.org/data/1859_marked/Beroepen/VI/Biljard-_en_kaatsballenmakers
http://www.data2semantics.org/data/1859_marked/Beroepen/VI,http://www.data2semantics.org/data/1859_marked/Beroepen/VI/Behangseldrukkers
http://www.data2semantics.org/data/1859_marked/Beroepen/XII,http://www.data2semantics.org/data/1859_marked/Beroepen/XII/Gouddraadtrekkers__passementwerkers
http://www.data2semantics.org/data/1859_marked/Beroepen/XII,http://www.data2semantics.org/data/1859_marked/Beroepen/XII/Slijpers__diamant-__glas-__marmer-__metaal-_
http://www.data2semantics.org/data/1859_marked/Beroepen/XII,http://www.data2semantics.org/data/1859_marked/Beroepen/XII/Juweliers__goud-_en_zilversmeden
http://www.data2semantics.org/data/1859_marked/Beroepen/VII,http://www.data2semantics.org/data/1859_marked/Beroepen/VII/Schoenmakers_en_lappers
http://www.data2semantics.org/data/1859_marked/Beroepen/VII,http://www.data2semantics.org/data/1859_marked/Beroepen/VII/Vellenbloters
http://www.data2semantics.org/data/1859_marked/Beroepen/VII,http://www.data2semantics.org/data/1859_marked/Beroepen/VII/Lederbereiders_en_looiers
http://www.data2semantics.org/data/1859_marked/Beroepen/VII,http://www.data2semantics.org/data/1859_marked/Beroepen/VII/Rijtuig-__wagen-_en_zadelmakers
http://www.data2semantics.org/data/1859_marked/Beroepen/VII,http://www.data2semantics.org/data/1859_marked/Beroepen/VII/Handschoenmakers
http://www.data2semantics.org/data/1859_marked/Beroepen/VII,http://www.data2semantics.org/data/1859_marked/Beroepen/VII/Zeemtouwers
http://www.data2semantics.org/data/1859_marked/Beroepen/XX,http://www.data2semantics.org/data/1859_marked/Beroepen/XX/Griendbazen
http://www.data2semantics.org/data/1859_marked/Beroepen/XX,http://www.data2semantics.org/data/1859_marked/Beroepen/XX/Ondernemers_en_direkteurs_van_naamlooze_en_handelmaatschappijen
http://www.data2semantics.org/data/1859_marked/Beroepen/XX,http://www.data2semantics.org/data/1859_marked/Beroepen/XX/Zakkenverhuurders
http://www.data2semantics.org/data/1859_marked/Beroepen/XX,http://www.data2semantics.org/data/1859_marked/Beroepen/XX/Kleinhandelaren_en_winkeliers
http://www.data2semantics.org/data/1859_marked/Beroepen/XX,http://www.data2semantics.org/data/1859_marked/Beroepen/XX/Uitdragers_en_venters
http://www.data2semantics.org/data/1859_marked/Beroepen/XX,http://www.data2semantics.org/data/1859_marked/Beroepen/XX/Schelpvissers
http://www.data2semantics.org/data/1859_marked/Beroepen/XX,http://www.data2semantics.org/data/1859_marked/Beroepen/XX/Zeehandelaars
http://www.data2semantics.org/data/1859_marked/Beroepen/XX,http://www.data2semantics.org/data/1859_marked/Beroepen/XX/Kantoor-_en_winkelbedienden
http://www.data2semantics.org/data/1859_marked/Beroepen/XX,http://www.data2semantics.org/data/1859_marked/Beroepen/XX/Steenkoopers
http://www.data2semantics.org/data/1859_marked/Beroepen/XX,http://www.data2semantics.org/data/1859_marked/Beroepen/XX/Galanteriewarenhandelaars_en_verkopers
http://www.data2semantics.org/data/1859_marked/Beroepen/XX,http://www.data2semantics.org/data/1859_marked/Beroepen/XX/Kooplieden_van_verschillende_aard
http://www.data2semantics.org/data/1859_marked/Beroepen/XX,http://www.data2semantics.org/data/1859_marked/Beroepen/XX/Runhandelaars
http://www.data2semantics.org/data/1859_marked/Beroepen/XX,http://www.data2semantics.org/data/1859_marked/Beroepen/XX/Meeters__koren-__kolen-__hout-__hooi_enz____wijnstekers
http://www.data2semantics.org/data/1859_marked/Beroepen/XX,http://www.data2semantics.org/data/1859_marked/Beroepen/XX/Vogelverkopers
http://www.data2semantics.org/data/1859_marked/Beroepen/XX,http://www.data2semantics.org/data/1859_marked/Beroepen/XX/Zaakwaarnemers
http://www.data2semantics.org/data/1859_marked/Beroepen/XX,http://www.data2semantics.org/data/1859_marked/Beroepen/XX/Magazijnmeesters
http://www.data2semantics.org/data/1859_marked/Beroepen/XX,http://www.data2semantics.org/data/1859_marked/Beroepen/XX/Pakhuisknechts
http://www.data2semantics.org/data/1859_marked/Beroepen/XX,http://www.data2semantics.org/data/1859_marked/Beroepen/XX/Water-_en_vuurverkopers
http://www.data2semantics.org/data/1859_marked/Beroepen/XX,http://www.data2semantics.org/data/1859_marked/Beroepen/XX/Reders
http://www.data2semantics.org/data/1859_marked/Beroepen/XX,http://www.data2semantics.org/data/1859_marked/Beroepen/XX/Steenkolen-__hout-_en_turfverkopers
http://www.data2semantics.org/data/1859_marked/Beroepen/XX,http://www.data2semantics.org/data/1859_marked/Beroepen/XX/Kramers
http://www.data2semantics.org/data/1859_marked/Beroepen/XX,http://www.data2semantics.org/data/1859_marked/Beroepen/XX/Handelsleerlingen
http://www.data2semantics.org/data/1859_marked/Beroepen/XX,http://www.data2semantics.org/data/1859_marked/Beroepen/XX/Papierhandelaars
http://www.data2semantics.org/data/1859_marked/Beroepen/XX,http://www.data2semantics.org/data/1859_marked/Beroepen/XX/Voddenrapers
http://www.data2semantics.org/data/1859_marked/Beroepen/XX,http://www.data2semantics.org/data/1859_marked/Beroepen/XX/Zandverkopers
http://www.data2semantics.org/data/1859_marked/Beroepen/XVIII,http://www.data2semantics.org/data/1859_marked/Beroepen/XVIII/Ondernemers_van_begrafenis-_en_ziekenfondsen
http://www.data2semantics.org/data/1859_marked/Beroepen/XVIII,http://www.data2semantics.org/data/1859_marked/Beroepen/XVIII/Scheepsexperten
http://www.data2semantics.org/data/1859_marked/Beroepen/XVIII,http://www.data2semantics.org/data/1859_marked/Beroepen/XVIII/Makelaars_en_kargadoors
http://www.data2semantics.org/data/1859_marked/Beroepen/XVIII,http://www.data2semantics.org/data/1859_marked/Beroepen/XVIII/Schatters
http://www.data2semantics.org/data/1859_marked/Beroepen/XVIII,http://www.data2semantics.org/data/1859_marked/Beroepen/XVIII/Ondernemers_van_openbare_verkopingen
http://www.data2semantics.org/data/1859_marked/Beroepen/XVIII,http://www.data2semantics.org/data/1859_marked/Beroepen/XVIII/Debiteurs_en_gedelegeerden_in_de_loterij
http://www.data2semantics.org/data/1859_marked/Beroepen/XVIII,http://www.data2semantics.org/data/1859_marked/Beroepen/XVIII/Ondernemers_van_waarborgmaatschappijen__assuradeurs_
http://www.data2semantics.org/data/1859_marked/Beroepen/XVIII,http://www.data2semantics.org/data/1859_marked/Beroepen/XVIII/Beleenbankhouders__inbrengers
http://www.data2semantics.org/data/1859_marked/Beroepen/XVIII,http://www.data2semantics.org/data/1859_marked/Beroepen/XVIII/Vendumeesters
http://www.data2semantics.org/data/1859_marked/Beroepen/XVIII,http://www.data2semantics.org/data/1859_marked/Beroepen/XVIII/Bankiers__geldwisselaars__kassiers
http://www.data2semantics.org/data/1859_marked/Beroepen/XXIII,http://www.data2semantics.org/data/1859_marked/Beroepen/XXIII/Liefdadige_gestichten%3B_dienstdoend_personeel
http://www.data2semantics.org/data/1859_marked/Beroepen/XXIII,http://www.data2semantics.org/data/1859_marked/Beroepen/XXIII/Godsdienstleraren_en_aan_de_dienst_verbonden_personen__Protestantse_kweekel__voor_het_zendelingwerk
http://www.data2semantics.org/data/1859_marked/Beroepen/XXIII,http://www.data2semantics.org/data/1859_marked/Beroepen/XXIII/Liefdadige_gestichten%3B_hoofden
http://www.data2semantics.org/data/1859_marked/Beroepen/XXIII,http://www.data2semantics.org/data/1859_marked/Beroepen/XXIII/Godsdienstleraren_en_aan_de_dienst_verbonden_personen__Roomskatholieke_geestelijke_zusters
http://www.data2semantics.org/data/1859_marked/Beroepen/XXIII,http://www.data2semantics.org/data/1859_marked/Beroepen/XXIII/Godsdienstleraren_en_aan_de_dienst_verbonden_personen__Protestantse_katechiseermeesters
http://www.data2semantics.org/data/1859_marked/Beroepen/XXIII,http://www.data2semantics.org/data/1859_marked/Beroepen/XXIII/Godsdienstleraren_en_aan_de_dienst_verbonden_personen__Isra%C3%ABlitische_dienstdoende_personen
http://www.data2semantics.org/data/1859_marked/Beroepen/XXIII,http://www.data2semantics.org/data/1859_marked/Beroepen/XXIII/Godsdienstleraren_en_aan_de_dienst_verbonden_personen__Roomskatholieke_kloosterlingen
http://www.data2semantics.org/data/1859_marked/Beroepen/XXIII,http://www.data2semantics.org/data/1859_marked/Beroepen/XXIII/Godsdienstleraren_en_aan_de_dienst_verbonden_personen__Protestantse_predikanten
http://www.data2semantics.org/data/1859_marked/Beroepen/XXIII,http://www.data2semantics.org/data/1859_marked/Beroepen/XXIII/Godsdienstleraren_en_aan_de_dienst_verbonden_personen__Roomskatholieke_pastoors__kapelaans
http://www.data2semantics.org/data/1859_marked/Beroepen/XXIII,http://www.data2semantics.org/data/1859_marked/Beroepen/XXIII/Godsdienstleraren_en_aan_de_dienst_verbonden_personen__Protestantse_dienstdoende_personen
http://www.data2semantics.org/data/1859_marked/Beroepen/XXIII,http://www.data2semantics.org/data/1859_marked/Beroepen/XXIII/Godsdienstleraren_en_aan_de_dienst_verbonden_personen__Isra%C3%ABlitische_rabbijnen
http://www.data2semantics.org/data/1859_marked/Beroepen/XXIII,http://www.data2semantics.org/data/1859_marked/Beroepen/XXIII/Evangelisten
http://www.data2semantics.org/data/1859_marked/Beroepen/XXIII,http://www.data2semantics.org/data/1859_marked/Beroepen/XXIII/Godsdienstleraren_en_aan_de_dienst_verbonden_personen__Roomskatholieke_dienstdoende_personen
http://www.data2semantics.org/data/1859_marked/Beroepen/XXVIII,http://www.data2semantics.org/data/1859_marked/Beroepen/XXVIII/Grondeigenaars
http://www.data2semantics.org/data/1859_marked/Beroepen/XXVIII,http://www.data2semantics.org/data/1859_marked/Beroepen/XXVIII/Koninklijk_huis__personen_verbonden_aan_het_
http://www.data2semantics.org/data/1859_marked/Beroepen/XXVIII,http://www.data2semantics.org/data/1859_marked/Beroepen/XXVIII/Gepensioneerden__burgerlijke_en_militaire_
http://www.data2semantics.org/data/1859_marked/Beroepen/XXVIII,http://www.data2semantics.org/data/1859_marked/Beroepen/XXVIII/Renteniers
http://www.data2semantics.org/data/1859_marked/Beroepen/XXVI,http://www.data2semantics.org/data/1859_marked/Beroepen/XXVI/Ziekenoppassers
http://www.data2semantics.org/data/1859_marked/Beroepen/XXVI,http://www.data2semantics.org/data/1859_marked/Beroepen/XXVI/Kwekelingen_aan_%27s_Rijks_hospitaal
http://www.data2semantics.org/data/1859_marked/Beroepen/XXVI,http://www.data2semantics.org/data/1859_marked/Beroepen/XXVI/Likdoornsnijders
http://www.data2semantics.org/data/1859_marked/Beroepen/XXVI,http://www.data2semantics.org/data/1859_marked/Beroepen/XXVI/Veeartsen
http://www.data2semantics.org/data/1859_marked/Beroepen/XXVI,http://www.data2semantics.org/data/1859_marked/Beroepen/XXVI/Geneesheren__heelmeesters__officieren_van_gezondheid__vroedmeesters__vrouwen__oog-_en_tandmeesters
http://www.data2semantics.org/data/1859_marked/Beroepen/XXVI,http://www.data2semantics.org/data/1859_marked/Beroepen/XXVI/Kwekelingen_aan_%27s_Rijks_veeartsenijschool
http://www.data2semantics.org/data/1859_marked/Beroepen/XXVI,http://www.data2semantics.org/data/1859_marked/Beroepen/XXVI/Lavementzetters
http://www.data2semantics.org/data/1859_marked/Beroepen/XXII,http://www.data2semantics.org/data/1859_marked/Beroepen/XXII/Solliciteurs_en_klerken
http://www.data2semantics.org/data/1859_marked/Beroepen/XXII,http://www.data2semantics.org/data/1859_marked/Beroepen/XXII/Politie%3B_direkteurs__commissarissen__agenten__veld-_en_boswachters
http://www.data2semantics.org/data/1859_marked/Beroepen/XXII,http://www.data2semantics.org/data/1859_marked/Beroepen/XXII/Advokaten
http://www.data2semantics.org/data/1859_marked/Beroepen/XXII,http://www.data2semantics.org/data/1859_marked/Beroepen/XXII/Regterlijke_macht
http://www.data2semantics.org/data/1859_marked/Beroepen/XXII,http://www.data2semantics.org/data/1859_marked/Beroepen/XXII/Notarissen__kandidaat_
http://www.data2semantics.org/data/1859_marked/Beroepen/XXII,http://www.data2semantics.org/data/1859_marked/Beroepen/XXII/Prokureurs
http://www.data2semantics.org/data/1859_marked/Beroepen/XXII,http://www.data2semantics.org/data/1859_marked/Beroepen/XXII/Notarissen
http://www.data2semantics.org/data/1859_marked/Beroepen/XXII,http://www.data2semantics.org/data/1859_marked/Beroepen/XXII/Politie%3B_marechaussees
http://www.data2semantics.org/data/1859_marked/Beroepen/XXII,http://www.data2semantics.org/data/1859_marked/Beroepen/XXII/Gevangenbewaarders_en_andere_beambten_in_gevangenissen
http://www.data2semantics.org/data/1859_marked/Beroepen/XXII,http://www.data2semantics.org/data/1859_marked/Beroepen/XXII/Deurwaarders
http://www.data2semantics.org/data/1859_marked/Beroepen/XVI,http://www.data2semantics.org/data/1859_marked/Beroepen/XVI/Garen-_en_bandwinkeliers
http://www.data2semantics.org/data/1859_marked/Beroepen/XVI,http://www.data2semantics.org/data/1859_marked/Beroepen/XVI/Kooplieden_in_manufakturen
http://www.data2semantics.org/data/1859_marked/Beroepen/XVI,http://www.data2semantics.org/data/1859_marked/Beroepen/XVI/Klederen-_en_gemaaktgoedverkopers
http://www.data2semantics.org/data/1859_marked/Beroepen/II,http://www.data2semantics.org/data/1859_marked/Beroepen/II/Mijnwerkers
http://www.data2semantics.org/data/1859_marked/Beroepen/II,http://www.data2semantics.org/data/1859_marked/Beroepen/II/Veenlieden
http://www.data2semantics.org/data/1859_marked/Beroepen/II,http://www.data2semantics.org/data/1859_marked/Beroepen/II/Verveners
